-- phpMyAdmin SQL Dump
-- version 5.2.1
-- https://www.phpmyadmin.net/
--
-- Host: 127.0.0.1
-- Waktu pembuatan: 18 Jul 2025 pada 02.31
-- Versi server: 10.4.32-MariaDB
-- Versi PHP: 8.3.7

SET SQL_MODE = "NO_AUTO_VALUE_ON_ZERO";
START TRANSACTION;
SET time_zone = "+00:00";


/*!40101 SET @OLD_CHARACTER_SET_CLIENT=@@CHARACTER_SET_CLIENT */;
/*!40101 SET @OLD_CHARACTER_SET_RESULTS=@@CHARACTER_SET_RESULTS */;
/*!40101 SET @OLD_COLLATION_CONNECTION=@@COLLATION_CONNECTION */;
/*!40101 SET NAMES utf8mb4 */;

--
-- Database: `kickcasual_db`
--

-- --------------------------------------------------------

--
-- Struktur dari tabel `cancel_request`
--

CREATE TABLE `cancel_request` (
  `id` bigint(20) UNSIGNED NOT NULL,
  `transaction_id` bigint(20) UNSIGNED NOT NULL,
  `reason` varchar(255) DEFAULT NULL,
  `custom_reason` varchar(255) DEFAULT NULL,
  `status` varchar(255) NOT NULL DEFAULT 'pending',
  `requested_at` timestamp NOT NULL DEFAULT current_timestamp(),
  `approved_at` timestamp NULL DEFAULT NULL,
  `admin_notes` text DEFAULT NULL,
  `created_at` timestamp NULL DEFAULT NULL,
  `updated_at` timestamp NULL DEFAULT NULL
) ENGINE=InnoDB DEFAULT CHARSET=utf8mb4 COLLATE=utf8mb4_unicode_ci;

--
-- Dumping data untuk tabel `cancel_request`
--

INSERT INTO `cancel_request` (`id`, `transaction_id`, `reason`, `custom_reason`, `status`, `requested_at`, `approved_at`, `admin_notes`, `created_at`, `updated_at`) VALUES
(1, 27, 'change_product', NULL, 'pending', '2025-06-09 15:14:18', NULL, NULL, '2025-06-09 08:14:18', '2025-06-09 08:14:18');

-- --------------------------------------------------------

--
-- Struktur dari tabel `cities`
--

CREATE TABLE `cities` (
  `id` bigint(20) UNSIGNED NOT NULL,
  `city_id` varchar(255) NOT NULL,
  `province_id` varchar(255) NOT NULL,
  `name` varchar(255) NOT NULL,
  `type` varchar(255) DEFAULT NULL,
  `postal_code` varchar(255) DEFAULT NULL,
  `created_at` timestamp NULL DEFAULT NULL,
  `updated_at` timestamp NULL DEFAULT NULL
) ENGINE=InnoDB DEFAULT CHARSET=utf8mb4 COLLATE=utf8mb4_unicode_ci;

--
-- Dumping data untuk tabel `cities`
--

INSERT INTO `cities` (`id`, `city_id`, `province_id`, `name`, `type`, `postal_code`, `created_at`, `updated_at`) VALUES
(1, '1', '21', 'Aceh Barat', 'Kabupaten', '23681', '2025-06-05 07:19:14', '2025-06-05 07:19:14'),
(2, '2', '21', 'Aceh Barat Daya', 'Kabupaten', '23764', '2025-06-05 07:19:14', '2025-06-05 07:19:14'),
(3, '3', '21', 'Aceh Besar', 'Kabupaten', '23951', '2025-06-05 07:19:14', '2025-06-05 07:19:14'),
(4, '4', '21', 'Aceh Jaya', 'Kabupaten', '23654', '2025-06-05 07:19:14', '2025-06-05 07:19:14'),
(5, '5', '21', 'Aceh Selatan', 'Kabupaten', '23719', '2025-06-05 07:19:14', '2025-06-05 07:19:14'),
(6, '6', '21', 'Aceh Singkil', 'Kabupaten', '24785', '2025-06-05 07:19:14', '2025-06-05 07:19:14'),
(7, '7', '21', 'Aceh Tamiang', 'Kabupaten', '24476', '2025-06-05 07:19:14', '2025-06-05 07:19:14'),
(8, '8', '21', 'Aceh Tengah', 'Kabupaten', '24511', '2025-06-05 07:19:14', '2025-06-05 07:19:14'),
(9, '9', '21', 'Aceh Tenggara', 'Kabupaten', '24611', '2025-06-05 07:19:14', '2025-06-05 07:19:14'),
(10, '10', '21', 'Aceh Timur', 'Kabupaten', '24454', '2025-06-05 07:19:14', '2025-06-05 07:19:14'),
(11, '11', '21', 'Aceh Utara', 'Kabupaten', '24382', '2025-06-05 07:19:14', '2025-06-05 07:19:14'),
(12, '12', '32', 'Agam', 'Kabupaten', '26411', '2025-06-05 07:19:14', '2025-06-05 07:19:14'),
(13, '13', '23', 'Alor', 'Kabupaten', '85811', '2025-06-05 07:19:14', '2025-06-05 07:19:14'),
(14, '14', '19', 'Ambon', 'Kota', '97222', '2025-06-05 07:19:14', '2025-06-05 07:19:14'),
(15, '15', '34', 'Asahan', 'Kabupaten', '21214', '2025-06-05 07:19:14', '2025-06-05 07:19:14'),
(16, '16', '24', 'Asmat', 'Kabupaten', '99777', '2025-06-05 07:19:14', '2025-06-05 07:19:14'),
(17, '17', '1', 'Badung', 'Kabupaten', '80351', '2025-06-05 07:19:14', '2025-06-05 07:19:14'),
(18, '18', '13', 'Balangan', 'Kabupaten', '71611', '2025-06-05 07:19:14', '2025-06-05 07:19:14'),
(19, '19', '15', 'Balikpapan', 'Kota', '76111', '2025-06-05 07:19:14', '2025-06-05 07:19:14'),
(20, '20', '21', 'Banda Aceh', 'Kota', '23238', '2025-06-05 07:19:14', '2025-06-05 07:19:14'),
(21, '21', '18', 'Bandar Lampung', 'Kota', '35139', '2025-06-05 07:19:14', '2025-06-05 07:19:14'),
(22, '22', '9', 'Bandung', 'Kabupaten', '40311', '2025-06-05 07:19:14', '2025-06-05 07:19:14'),
(23, '23', '9', 'Bandung', 'Kota', '40111', '2025-06-05 07:19:14', '2025-06-05 07:19:14'),
(24, '24', '9', 'Bandung Barat', 'Kabupaten', '40721', '2025-06-05 07:19:14', '2025-06-05 07:19:14'),
(25, '25', '29', 'Banggai', 'Kabupaten', '94711', '2025-06-05 07:19:14', '2025-06-05 07:19:14'),
(26, '26', '29', 'Banggai Kepulauan', 'Kabupaten', '94881', '2025-06-05 07:19:14', '2025-06-05 07:19:14'),
(27, '27', '2', 'Bangka', 'Kabupaten', '33212', '2025-06-05 07:19:14', '2025-06-05 07:19:14'),
(28, '28', '2', 'Bangka Barat', 'Kabupaten', '33315', '2025-06-05 07:19:14', '2025-06-05 07:19:14'),
(29, '29', '2', 'Bangka Selatan', 'Kabupaten', '33719', '2025-06-05 07:19:14', '2025-06-05 07:19:14'),
(30, '30', '2', 'Bangka Tengah', 'Kabupaten', '33613', '2025-06-05 07:19:14', '2025-06-05 07:19:14'),
(31, '31', '11', 'Bangkalan', 'Kabupaten', '69118', '2025-06-05 07:19:14', '2025-06-05 07:19:14'),
(32, '32', '1', 'Bangli', 'Kabupaten', '80619', '2025-06-05 07:19:14', '2025-06-05 07:19:14'),
(33, '33', '13', 'Banjar', 'Kabupaten', '70619', '2025-06-05 07:19:14', '2025-06-05 07:19:14'),
(34, '34', '9', 'Banjar', 'Kota', '46311', '2025-06-05 07:19:14', '2025-06-05 07:19:14'),
(35, '35', '13', 'Banjarbaru', 'Kota', '70712', '2025-06-05 07:19:14', '2025-06-05 07:19:14'),
(36, '36', '13', 'Banjarmasin', 'Kota', '70117', '2025-06-05 07:19:14', '2025-06-05 07:19:14'),
(37, '37', '10', 'Banjarnegara', 'Kabupaten', '53419', '2025-06-05 07:19:14', '2025-06-05 07:19:14'),
(38, '38', '28', 'Bantaeng', 'Kabupaten', '92411', '2025-06-05 07:19:14', '2025-06-05 07:19:14'),
(39, '39', '5', 'Bantul', 'Kabupaten', '55715', '2025-06-05 07:19:14', '2025-06-05 07:19:14'),
(40, '40', '33', 'Banyuasin', 'Kabupaten', '30911', '2025-06-05 07:19:14', '2025-06-05 07:19:14'),
(41, '41', '10', 'Banyumas', 'Kabupaten', '53114', '2025-06-05 07:19:14', '2025-06-05 07:19:14'),
(42, '42', '11', 'Banyuwangi', 'Kabupaten', '68416', '2025-06-05 07:19:14', '2025-06-05 07:19:14'),
(43, '43', '13', 'Barito Kuala', 'Kabupaten', '70511', '2025-06-05 07:19:14', '2025-06-05 07:19:14'),
(44, '44', '14', 'Barito Selatan', 'Kabupaten', '73711', '2025-06-05 07:19:14', '2025-06-05 07:19:14'),
(45, '45', '14', 'Barito Timur', 'Kabupaten', '73671', '2025-06-05 07:19:14', '2025-06-05 07:19:14'),
(46, '46', '14', 'Barito Utara', 'Kabupaten', '73881', '2025-06-05 07:19:14', '2025-06-05 07:19:14'),
(47, '47', '28', 'Barru', 'Kabupaten', '90719', '2025-06-05 07:19:14', '2025-06-05 07:19:14'),
(48, '48', '17', 'Batam', 'Kota', '29413', '2025-06-05 07:19:14', '2025-06-05 07:19:14'),
(49, '49', '10', 'Batang', 'Kabupaten', '51211', '2025-06-05 07:19:14', '2025-06-05 07:19:14'),
(50, '50', '8', 'Batang Hari', 'Kabupaten', '36613', '2025-06-05 07:19:14', '2025-06-05 07:19:14'),
(51, '51', '11', 'Batu', 'Kota', '65311', '2025-06-05 07:19:14', '2025-06-05 07:19:14'),
(52, '52', '34', 'Batu Bara', 'Kabupaten', '21655', '2025-06-05 07:19:14', '2025-06-05 07:19:14'),
(53, '53', '30', 'Bau-Bau', 'Kota', '93719', '2025-06-05 07:19:14', '2025-06-05 07:19:14'),
(54, '54', '9', 'Bekasi', 'Kabupaten', '17837', '2025-06-05 07:19:14', '2025-06-05 07:19:14'),
(55, '55', '9', 'Bekasi', 'Kota', '17121', '2025-06-05 07:19:14', '2025-06-05 07:19:14'),
(56, '56', '2', 'Belitung', 'Kabupaten', '33419', '2025-06-05 07:19:14', '2025-06-05 07:19:14'),
(57, '57', '2', 'Belitung Timur', 'Kabupaten', '33519', '2025-06-05 07:19:14', '2025-06-05 07:19:14'),
(58, '58', '23', 'Belu', 'Kabupaten', '85711', '2025-06-05 07:19:14', '2025-06-05 07:19:14'),
(59, '59', '21', 'Bener Meriah', 'Kabupaten', '24581', '2025-06-05 07:19:14', '2025-06-05 07:19:14'),
(60, '60', '26', 'Bengkalis', 'Kabupaten', '28719', '2025-06-05 07:19:14', '2025-06-05 07:19:14'),
(61, '61', '12', 'Bengkayang', 'Kabupaten', '79213', '2025-06-05 07:19:14', '2025-06-05 07:19:14'),
(62, '62', '4', 'Bengkulu', 'Kota', '38229', '2025-06-05 07:19:14', '2025-06-05 07:19:14'),
(63, '63', '4', 'Bengkulu Selatan', 'Kabupaten', '38519', '2025-06-05 07:19:14', '2025-06-05 07:19:14'),
(64, '64', '4', 'Bengkulu Tengah', 'Kabupaten', '38319', '2025-06-05 07:19:14', '2025-06-05 07:19:14'),
(65, '65', '4', 'Bengkulu Utara', 'Kabupaten', '38619', '2025-06-05 07:19:14', '2025-06-05 07:19:14'),
(66, '66', '15', 'Berau', 'Kabupaten', '77311', '2025-06-05 07:19:14', '2025-06-05 07:19:14'),
(67, '67', '24', 'Biak Numfor', 'Kabupaten', '98119', '2025-06-05 07:19:14', '2025-06-05 07:19:14'),
(68, '68', '22', 'Bima', 'Kabupaten', '84171', '2025-06-05 07:19:14', '2025-06-05 07:19:14'),
(69, '69', '22', 'Bima', 'Kota', '84139', '2025-06-05 07:19:14', '2025-06-05 07:19:14'),
(70, '70', '34', 'Binjai', 'Kota', '20712', '2025-06-05 07:19:14', '2025-06-05 07:19:14'),
(71, '71', '17', 'Bintan', 'Kabupaten', '29135', '2025-06-05 07:19:14', '2025-06-05 07:19:14'),
(72, '72', '21', 'Bireuen', 'Kabupaten', '24219', '2025-06-05 07:19:14', '2025-06-05 07:19:14'),
(73, '73', '31', 'Bitung', 'Kota', '95512', '2025-06-05 07:19:14', '2025-06-05 07:19:14'),
(74, '74', '11', 'Blitar', 'Kabupaten', '66171', '2025-06-05 07:19:14', '2025-06-05 07:19:14'),
(75, '75', '11', 'Blitar', 'Kota', '66124', '2025-06-05 07:19:14', '2025-06-05 07:19:14'),
(76, '76', '10', 'Blora', 'Kabupaten', '58219', '2025-06-05 07:19:14', '2025-06-05 07:19:14'),
(77, '77', '7', 'Boalemo', 'Kabupaten', '96319', '2025-06-05 07:19:14', '2025-06-05 07:19:14'),
(78, '78', '9', 'Bogor', 'Kabupaten', '16911', '2025-06-05 07:19:14', '2025-06-05 07:19:14'),
(79, '79', '9', 'Bogor', 'Kota', '16119', '2025-06-05 07:19:14', '2025-06-05 07:19:14'),
(80, '80', '11', 'Bojonegoro', 'Kabupaten', '62119', '2025-06-05 07:19:14', '2025-06-05 07:19:14'),
(81, '81', '31', 'Bolaang Mongondow (Bolmong)', 'Kabupaten', '95755', '2025-06-05 07:19:14', '2025-06-05 07:19:14'),
(82, '82', '31', 'Bolaang Mongondow Selatan', 'Kabupaten', '95774', '2025-06-05 07:19:14', '2025-06-05 07:19:14'),
(83, '83', '31', 'Bolaang Mongondow Timur', 'Kabupaten', '95783', '2025-06-05 07:19:14', '2025-06-05 07:19:14'),
(84, '84', '31', 'Bolaang Mongondow Utara', 'Kabupaten', '95765', '2025-06-05 07:19:14', '2025-06-05 07:19:14'),
(85, '85', '30', 'Bombana', 'Kabupaten', '93771', '2025-06-05 07:19:14', '2025-06-05 07:19:14'),
(86, '86', '11', 'Bondowoso', 'Kabupaten', '68219', '2025-06-05 07:19:14', '2025-06-05 07:19:14'),
(87, '87', '28', 'Bone', 'Kabupaten', '92713', '2025-06-05 07:19:14', '2025-06-05 07:19:14'),
(88, '88', '7', 'Bone Bolango', 'Kabupaten', '96511', '2025-06-05 07:19:14', '2025-06-05 07:19:14'),
(89, '89', '15', 'Bontang', 'Kota', '75313', '2025-06-05 07:19:14', '2025-06-05 07:19:14'),
(90, '90', '24', 'Boven Digoel', 'Kabupaten', '99662', '2025-06-05 07:19:14', '2025-06-05 07:19:14'),
(91, '91', '10', 'Boyolali', 'Kabupaten', '57312', '2025-06-05 07:19:14', '2025-06-05 07:19:14'),
(92, '92', '10', 'Brebes', 'Kabupaten', '52212', '2025-06-05 07:19:14', '2025-06-05 07:19:14'),
(93, '93', '32', 'Bukittinggi', 'Kota', '26115', '2025-06-05 07:19:14', '2025-06-05 07:19:14'),
(94, '94', '1', 'Buleleng', 'Kabupaten', '81111', '2025-06-05 07:19:14', '2025-06-05 07:19:14'),
(95, '95', '28', 'Bulukumba', 'Kabupaten', '92511', '2025-06-05 07:19:14', '2025-06-05 07:19:14'),
(96, '96', '16', 'Bulungan (Bulongan)', 'Kabupaten', '77211', '2025-06-05 07:19:14', '2025-06-05 07:19:14'),
(97, '97', '8', 'Bungo', 'Kabupaten', '37216', '2025-06-05 07:19:14', '2025-06-05 07:19:14'),
(98, '98', '29', 'Buol', 'Kabupaten', '94564', '2025-06-05 07:19:14', '2025-06-05 07:19:14'),
(99, '99', '19', 'Buru', 'Kabupaten', '97371', '2025-06-05 07:19:14', '2025-06-05 07:19:14'),
(100, '100', '19', 'Buru Selatan', 'Kabupaten', '97351', '2025-06-05 07:19:14', '2025-06-05 07:19:14'),
(101, '101', '30', 'Buton', 'Kabupaten', '93754', '2025-06-05 07:19:14', '2025-06-05 07:19:14'),
(102, '102', '30', 'Buton Utara', 'Kabupaten', '93745', '2025-06-05 07:19:14', '2025-06-05 07:19:14'),
(103, '103', '9', 'Ciamis', 'Kabupaten', '46211', '2025-06-05 07:19:14', '2025-06-05 07:19:14'),
(104, '104', '9', 'Cianjur', 'Kabupaten', '43217', '2025-06-05 07:19:14', '2025-06-05 07:19:14'),
(105, '105', '10', 'Cilacap', 'Kabupaten', '53211', '2025-06-05 07:19:14', '2025-06-05 07:19:14'),
(106, '106', '3', 'Cilegon', 'Kota', '42417', '2025-06-05 07:19:14', '2025-06-05 07:19:14'),
(107, '107', '9', 'Cimahi', 'Kota', '40512', '2025-06-05 07:19:14', '2025-06-05 07:19:14'),
(108, '108', '9', 'Cirebon', 'Kabupaten', '45611', '2025-06-05 07:19:14', '2025-06-05 07:19:14'),
(109, '109', '9', 'Cirebon', 'Kota', '45116', '2025-06-05 07:19:14', '2025-06-05 07:19:14'),
(110, '110', '34', 'Dairi', 'Kabupaten', '22211', '2025-06-05 07:19:14', '2025-06-05 07:19:14'),
(111, '111', '24', 'Deiyai (Deliyai)', 'Kabupaten', '98784', '2025-06-05 07:19:14', '2025-06-05 07:19:14'),
(112, '112', '34', 'Deli Serdang', 'Kabupaten', '20511', '2025-06-05 07:19:14', '2025-06-05 07:19:14'),
(113, '113', '10', 'Demak', 'Kabupaten', '59519', '2025-06-05 07:19:14', '2025-06-05 07:19:14'),
(114, '114', '1', 'Denpasar', 'Kota', '80227', '2025-06-05 07:19:14', '2025-06-05 07:19:14'),
(115, '115', '9', 'Depok', 'Kota', '16416', '2025-06-05 07:19:14', '2025-06-05 07:19:14'),
(116, '116', '32', 'Dharmasraya', 'Kabupaten', '27612', '2025-06-05 07:19:14', '2025-06-05 07:19:14'),
(117, '117', '24', 'Dogiyai', 'Kabupaten', '98866', '2025-06-05 07:19:14', '2025-06-05 07:19:14'),
(118, '118', '22', 'Dompu', 'Kabupaten', '84217', '2025-06-05 07:19:14', '2025-06-05 07:19:14'),
(119, '119', '29', 'Donggala', 'Kabupaten', '94341', '2025-06-05 07:19:14', '2025-06-05 07:19:14'),
(120, '120', '26', 'Dumai', 'Kota', '28811', '2025-06-05 07:19:14', '2025-06-05 07:19:14'),
(121, '121', '33', 'Empat Lawang', 'Kabupaten', '31811', '2025-06-05 07:19:14', '2025-06-05 07:19:14'),
(122, '122', '23', 'Ende', 'Kabupaten', '86351', '2025-06-05 07:19:14', '2025-06-05 07:19:14'),
(123, '123', '28', 'Enrekang', 'Kabupaten', '91719', '2025-06-05 07:19:14', '2025-06-05 07:19:14'),
(124, '124', '25', 'Fakfak', 'Kabupaten', '98651', '2025-06-05 07:19:14', '2025-06-05 07:19:14'),
(125, '125', '23', 'Flores Timur', 'Kabupaten', '86213', '2025-06-05 07:19:14', '2025-06-05 07:19:14'),
(126, '126', '9', 'Garut', 'Kabupaten', '44126', '2025-06-05 07:19:14', '2025-06-05 07:19:14'),
(127, '127', '21', 'Gayo Lues', 'Kabupaten', '24653', '2025-06-05 07:19:14', '2025-06-05 07:19:14'),
(128, '128', '1', 'Gianyar', 'Kabupaten', '80519', '2025-06-05 07:19:14', '2025-06-05 07:19:14'),
(129, '129', '7', 'Gorontalo', 'Kabupaten', '96218', '2025-06-05 07:19:14', '2025-06-05 07:19:14'),
(130, '130', '7', 'Gorontalo', 'Kota', '96115', '2025-06-05 07:19:14', '2025-06-05 07:19:14'),
(131, '131', '7', 'Gorontalo Utara', 'Kabupaten', '96611', '2025-06-05 07:19:14', '2025-06-05 07:19:14'),
(132, '132', '28', 'Gowa', 'Kabupaten', '92111', '2025-06-05 07:19:14', '2025-06-05 07:19:14'),
(133, '133', '11', 'Gresik', 'Kabupaten', '61115', '2025-06-05 07:19:14', '2025-06-05 07:19:14'),
(134, '134', '10', 'Grobogan', 'Kabupaten', '58111', '2025-06-05 07:19:14', '2025-06-05 07:19:14'),
(135, '135', '5', 'Gunung Kidul', 'Kabupaten', '55812', '2025-06-05 07:19:14', '2025-06-05 07:19:14'),
(136, '136', '14', 'Gunung Mas', 'Kabupaten', '74511', '2025-06-05 07:19:14', '2025-06-05 07:19:14'),
(137, '137', '34', 'Gunungsitoli', 'Kota', '22813', '2025-06-05 07:19:14', '2025-06-05 07:19:14'),
(138, '138', '20', 'Halmahera Barat', 'Kabupaten', '97757', '2025-06-05 07:19:14', '2025-06-05 07:19:14'),
(139, '139', '20', 'Halmahera Selatan', 'Kabupaten', '97911', '2025-06-05 07:19:14', '2025-06-05 07:19:14'),
(140, '140', '20', 'Halmahera Tengah', 'Kabupaten', '97853', '2025-06-05 07:19:14', '2025-06-05 07:19:14'),
(141, '141', '20', 'Halmahera Timur', 'Kabupaten', '97862', '2025-06-05 07:19:14', '2025-06-05 07:19:14'),
(142, '142', '20', 'Halmahera Utara', 'Kabupaten', '97762', '2025-06-05 07:19:14', '2025-06-05 07:19:14'),
(143, '143', '13', 'Hulu Sungai Selatan', 'Kabupaten', '71212', '2025-06-05 07:19:14', '2025-06-05 07:19:14'),
(144, '144', '13', 'Hulu Sungai Tengah', 'Kabupaten', '71313', '2025-06-05 07:19:14', '2025-06-05 07:19:14'),
(145, '145', '13', 'Hulu Sungai Utara', 'Kabupaten', '71419', '2025-06-05 07:19:14', '2025-06-05 07:19:14'),
(146, '146', '34', 'Humbang Hasundutan', 'Kabupaten', '22457', '2025-06-05 07:19:14', '2025-06-05 07:19:14'),
(147, '147', '26', 'Indragiri Hilir', 'Kabupaten', '29212', '2025-06-05 07:19:14', '2025-06-05 07:19:14'),
(148, '148', '26', 'Indragiri Hulu', 'Kabupaten', '29319', '2025-06-05 07:19:14', '2025-06-05 07:19:14'),
(149, '149', '9', 'Indramayu', 'Kabupaten', '45214', '2025-06-05 07:19:14', '2025-06-05 07:19:14'),
(150, '150', '24', 'Intan Jaya', 'Kabupaten', '98771', '2025-06-05 07:19:14', '2025-06-05 07:19:14'),
(151, '151', '6', 'Jakarta Barat', 'Kota', '11220', '2025-06-05 07:19:14', '2025-06-05 07:19:14'),
(152, '152', '6', 'Jakarta Pusat', 'Kota', '10540', '2025-06-05 07:19:14', '2025-06-05 07:19:14'),
(153, '153', '6', 'Jakarta Selatan', 'Kota', '12230', '2025-06-05 07:19:14', '2025-06-05 07:19:14'),
(154, '154', '6', 'Jakarta Timur', 'Kota', '13330', '2025-06-05 07:19:14', '2025-06-05 07:19:14'),
(155, '155', '6', 'Jakarta Utara', 'Kota', '14140', '2025-06-05 07:19:14', '2025-06-05 07:19:14'),
(156, '156', '8', 'Jambi', 'Kota', '36111', '2025-06-05 07:19:14', '2025-06-05 07:19:14'),
(157, '157', '24', 'Jayapura', 'Kabupaten', '99352', '2025-06-05 07:19:14', '2025-06-05 07:19:14'),
(158, '158', '24', 'Jayapura', 'Kota', '99114', '2025-06-05 07:19:14', '2025-06-05 07:19:14'),
(159, '159', '24', 'Jayawijaya', 'Kabupaten', '99511', '2025-06-05 07:19:14', '2025-06-05 07:19:14'),
(160, '160', '11', 'Jember', 'Kabupaten', '68113', '2025-06-05 07:19:14', '2025-06-05 07:19:14'),
(161, '161', '1', 'Jembrana', 'Kabupaten', '82251', '2025-06-05 07:19:14', '2025-06-05 07:19:14'),
(162, '162', '28', 'Jeneponto', 'Kabupaten', '92319', '2025-06-05 07:19:14', '2025-06-05 07:19:14'),
(163, '163', '10', 'Jepara', 'Kabupaten', '59419', '2025-06-05 07:19:14', '2025-06-05 07:19:14'),
(164, '164', '11', 'Jombang', 'Kabupaten', '61415', '2025-06-05 07:19:14', '2025-06-05 07:19:14'),
(165, '165', '25', 'Kaimana', 'Kabupaten', '98671', '2025-06-05 07:19:14', '2025-06-05 07:19:14'),
(166, '166', '26', 'Kampar', 'Kabupaten', '28411', '2025-06-05 07:19:14', '2025-06-05 07:19:14'),
(167, '167', '14', 'Kapuas', 'Kabupaten', '73583', '2025-06-05 07:19:14', '2025-06-05 07:19:14'),
(168, '168', '12', 'Kapuas Hulu', 'Kabupaten', '78719', '2025-06-05 07:19:14', '2025-06-05 07:19:14'),
(169, '169', '10', 'Karanganyar', 'Kabupaten', '57718', '2025-06-05 07:19:14', '2025-06-05 07:19:14'),
(170, '170', '1', 'Karangasem', 'Kabupaten', '80819', '2025-06-05 07:19:14', '2025-06-05 07:19:14'),
(171, '171', '9', 'Karawang', 'Kabupaten', '41311', '2025-06-05 07:19:14', '2025-06-05 07:19:14'),
(172, '172', '17', 'Karimun', 'Kabupaten', '29611', '2025-06-05 07:19:14', '2025-06-05 07:19:14'),
(173, '173', '34', 'Karo', 'Kabupaten', '22119', '2025-06-05 07:19:14', '2025-06-05 07:19:14'),
(174, '174', '14', 'Katingan', 'Kabupaten', '74411', '2025-06-05 07:19:14', '2025-06-05 07:19:14'),
(175, '175', '4', 'Kaur', 'Kabupaten', '38911', '2025-06-05 07:19:14', '2025-06-05 07:19:14'),
(176, '176', '12', 'Kayong Utara', 'Kabupaten', '78852', '2025-06-05 07:19:14', '2025-06-05 07:19:14'),
(177, '177', '10', 'Kebumen', 'Kabupaten', '54319', '2025-06-05 07:19:14', '2025-06-05 07:19:14'),
(178, '178', '11', 'Kediri', 'Kabupaten', '64184', '2025-06-05 07:19:14', '2025-06-05 07:19:14'),
(179, '179', '11', 'Kediri', 'Kota', '64125', '2025-06-05 07:19:14', '2025-06-05 07:19:14'),
(180, '180', '24', 'Keerom', 'Kabupaten', '99461', '2025-06-05 07:19:14', '2025-06-05 07:19:14'),
(181, '181', '10', 'Kendal', 'Kabupaten', '51314', '2025-06-05 07:19:14', '2025-06-05 07:19:14'),
(182, '182', '30', 'Kendari', 'Kota', '93126', '2025-06-05 07:19:14', '2025-06-05 07:19:14'),
(183, '183', '4', 'Kepahiang', 'Kabupaten', '39319', '2025-06-05 07:19:14', '2025-06-05 07:19:14'),
(184, '184', '17', 'Kepulauan Anambas', 'Kabupaten', '29991', '2025-06-05 07:19:14', '2025-06-05 07:19:14'),
(185, '185', '19', 'Kepulauan Aru', 'Kabupaten', '97681', '2025-06-05 07:19:14', '2025-06-05 07:19:14'),
(186, '186', '32', 'Kepulauan Mentawai', 'Kabupaten', '25771', '2025-06-05 07:19:14', '2025-06-05 07:19:14'),
(187, '187', '26', 'Kepulauan Meranti', 'Kabupaten', '28791', '2025-06-05 07:19:14', '2025-06-05 07:19:14'),
(188, '188', '31', 'Kepulauan Sangihe', 'Kabupaten', '95819', '2025-06-05 07:19:14', '2025-06-05 07:19:14'),
(189, '189', '6', 'Kepulauan Seribu', 'Kabupaten', '14550', '2025-06-05 07:19:15', '2025-06-05 07:19:15'),
(190, '190', '31', 'Kepulauan Siau Tagulandang Biaro (Sitaro)', 'Kabupaten', '95862', '2025-06-05 07:19:15', '2025-06-05 07:19:15'),
(191, '191', '20', 'Kepulauan Sula', 'Kabupaten', '97995', '2025-06-05 07:19:15', '2025-06-05 07:19:15'),
(192, '192', '31', 'Kepulauan Talaud', 'Kabupaten', '95885', '2025-06-05 07:19:15', '2025-06-05 07:19:15'),
(193, '193', '24', 'Kepulauan Yapen (Yapen Waropen)', 'Kabupaten', '98211', '2025-06-05 07:19:15', '2025-06-05 07:19:15'),
(194, '194', '8', 'Kerinci', 'Kabupaten', '37167', '2025-06-05 07:19:15', '2025-06-05 07:19:15'),
(195, '195', '12', 'Ketapang', 'Kabupaten', '78874', '2025-06-05 07:19:15', '2025-06-05 07:19:15'),
(196, '196', '10', 'Klaten', 'Kabupaten', '57411', '2025-06-05 07:19:15', '2025-06-05 07:19:15'),
(197, '197', '1', 'Klungkung', 'Kabupaten', '80719', '2025-06-05 07:19:15', '2025-06-05 07:19:15'),
(198, '198', '30', 'Kolaka', 'Kabupaten', '93511', '2025-06-05 07:19:15', '2025-06-05 07:19:15'),
(199, '199', '30', 'Kolaka Utara', 'Kabupaten', '93911', '2025-06-05 07:19:15', '2025-06-05 07:19:15'),
(200, '200', '30', 'Konawe', 'Kabupaten', '93411', '2025-06-05 07:19:15', '2025-06-05 07:19:15'),
(201, '201', '30', 'Konawe Selatan', 'Kabupaten', '93811', '2025-06-05 07:19:15', '2025-06-05 07:19:15'),
(202, '202', '30', 'Konawe Utara', 'Kabupaten', '93311', '2025-06-05 07:19:15', '2025-06-05 07:19:15'),
(203, '203', '13', 'Kotabaru', 'Kabupaten', '72119', '2025-06-05 07:19:15', '2025-06-05 07:19:15'),
(204, '204', '31', 'Kotamobagu', 'Kota', '95711', '2025-06-05 07:19:15', '2025-06-05 07:19:15'),
(205, '205', '14', 'Kotawaringin Barat', 'Kabupaten', '74119', '2025-06-05 07:19:15', '2025-06-05 07:19:15'),
(206, '206', '14', 'Kotawaringin Timur', 'Kabupaten', '74364', '2025-06-05 07:19:15', '2025-06-05 07:19:15'),
(207, '207', '26', 'Kuantan Singingi', 'Kabupaten', '29519', '2025-06-05 07:19:15', '2025-06-05 07:19:15'),
(208, '208', '12', 'Kubu Raya', 'Kabupaten', '78311', '2025-06-05 07:19:15', '2025-06-05 07:19:15'),
(209, '209', '10', 'Kudus', 'Kabupaten', '59311', '2025-06-05 07:19:15', '2025-06-05 07:19:15'),
(210, '210', '5', 'Kulon Progo', 'Kabupaten', '55611', '2025-06-05 07:19:15', '2025-06-05 07:19:15'),
(211, '211', '9', 'Kuningan', 'Kabupaten', '45511', '2025-06-05 07:19:15', '2025-06-05 07:19:15'),
(212, '212', '23', 'Kupang', 'Kabupaten', '85362', '2025-06-05 07:19:15', '2025-06-05 07:19:15'),
(213, '213', '23', 'Kupang', 'Kota', '85119', '2025-06-05 07:19:15', '2025-06-05 07:19:15'),
(214, '214', '15', 'Kutai Barat', 'Kabupaten', '75711', '2025-06-05 07:19:15', '2025-06-05 07:19:15'),
(215, '215', '15', 'Kutai Kartanegara', 'Kabupaten', '75511', '2025-06-05 07:19:15', '2025-06-05 07:19:15'),
(216, '216', '15', 'Kutai Timur', 'Kabupaten', '75611', '2025-06-05 07:19:15', '2025-06-05 07:19:15'),
(217, '217', '34', 'Labuhan Batu', 'Kabupaten', '21412', '2025-06-05 07:19:15', '2025-06-05 07:19:15'),
(218, '218', '34', 'Labuhan Batu Selatan', 'Kabupaten', '21511', '2025-06-05 07:19:15', '2025-06-05 07:19:15'),
(219, '219', '34', 'Labuhan Batu Utara', 'Kabupaten', '21711', '2025-06-05 07:19:15', '2025-06-05 07:19:15'),
(220, '220', '33', 'Lahat', 'Kabupaten', '31419', '2025-06-05 07:19:15', '2025-06-05 07:19:15'),
(221, '221', '14', 'Lamandau', 'Kabupaten', '74611', '2025-06-05 07:19:15', '2025-06-05 07:19:15'),
(222, '222', '11', 'Lamongan', 'Kabupaten', '64125', '2025-06-05 07:19:15', '2025-06-05 07:19:15'),
(223, '223', '18', 'Lampung Barat', 'Kabupaten', '34814', '2025-06-05 07:19:15', '2025-06-05 07:19:15'),
(224, '224', '18', 'Lampung Selatan', 'Kabupaten', '35511', '2025-06-05 07:19:15', '2025-06-05 07:19:15'),
(225, '225', '18', 'Lampung Tengah', 'Kabupaten', '34212', '2025-06-05 07:19:15', '2025-06-05 07:19:15'),
(226, '226', '18', 'Lampung Timur', 'Kabupaten', '34319', '2025-06-05 07:19:15', '2025-06-05 07:19:15'),
(227, '227', '18', 'Lampung Utara', 'Kabupaten', '34516', '2025-06-05 07:19:15', '2025-06-05 07:19:15'),
(228, '228', '12', 'Landak', 'Kabupaten', '78319', '2025-06-05 07:19:15', '2025-06-05 07:19:15'),
(229, '229', '34', 'Langkat', 'Kabupaten', '20811', '2025-06-05 07:19:15', '2025-06-05 07:19:15'),
(230, '230', '21', 'Langsa', 'Kota', '24412', '2025-06-05 07:19:15', '2025-06-05 07:19:15'),
(231, '231', '24', 'Lanny Jaya', 'Kabupaten', '99531', '2025-06-05 07:19:15', '2025-06-05 07:19:15'),
(232, '232', '3', 'Lebak', 'Kabupaten', '42319', '2025-06-05 07:19:15', '2025-06-05 07:19:15'),
(233, '233', '4', 'Lebong', 'Kabupaten', '39264', '2025-06-05 07:19:15', '2025-06-05 07:19:15'),
(234, '234', '23', 'Lembata', 'Kabupaten', '86611', '2025-06-05 07:19:15', '2025-06-05 07:19:15'),
(235, '235', '21', 'Lhokseumawe', 'Kota', '24352', '2025-06-05 07:19:15', '2025-06-05 07:19:15'),
(236, '236', '32', 'Lima Puluh Koto/Kota', 'Kabupaten', '26671', '2025-06-05 07:19:15', '2025-06-05 07:19:15'),
(237, '237', '17', 'Lingga', 'Kabupaten', '29811', '2025-06-05 07:19:15', '2025-06-05 07:19:15'),
(238, '238', '22', 'Lombok Barat', 'Kabupaten', '83311', '2025-06-05 07:19:15', '2025-06-05 07:19:15'),
(239, '239', '22', 'Lombok Tengah', 'Kabupaten', '83511', '2025-06-05 07:19:15', '2025-06-05 07:19:15'),
(240, '240', '22', 'Lombok Timur', 'Kabupaten', '83612', '2025-06-05 07:19:15', '2025-06-05 07:19:15'),
(241, '241', '22', 'Lombok Utara', 'Kabupaten', '83711', '2025-06-05 07:19:15', '2025-06-05 07:19:15'),
(242, '242', '33', 'Lubuk Linggau', 'Kota', '31614', '2025-06-05 07:19:15', '2025-06-05 07:19:15'),
(243, '243', '11', 'Lumajang', 'Kabupaten', '67319', '2025-06-05 07:19:15', '2025-06-05 07:19:15'),
(244, '244', '28', 'Luwu', 'Kabupaten', '91994', '2025-06-05 07:19:15', '2025-06-05 07:19:15'),
(245, '245', '28', 'Luwu Timur', 'Kabupaten', '92981', '2025-06-05 07:19:15', '2025-06-05 07:19:15'),
(246, '246', '28', 'Luwu Utara', 'Kabupaten', '92911', '2025-06-05 07:19:15', '2025-06-05 07:19:15'),
(247, '247', '11', 'Madiun', 'Kabupaten', '63153', '2025-06-05 07:19:15', '2025-06-05 07:19:15'),
(248, '248', '11', 'Madiun', 'Kota', '63122', '2025-06-05 07:19:15', '2025-06-05 07:19:15'),
(249, '249', '10', 'Magelang', 'Kabupaten', '56519', '2025-06-05 07:19:15', '2025-06-05 07:19:15'),
(250, '250', '10', 'Magelang', 'Kota', '56133', '2025-06-05 07:19:15', '2025-06-05 07:19:15'),
(251, '251', '11', 'Magetan', 'Kabupaten', '63314', '2025-06-05 07:19:15', '2025-06-05 07:19:15'),
(252, '252', '9', 'Majalengka', 'Kabupaten', '45412', '2025-06-05 07:19:15', '2025-06-05 07:19:15'),
(253, '253', '27', 'Majene', 'Kabupaten', '91411', '2025-06-05 07:19:15', '2025-06-05 07:19:15'),
(254, '254', '28', 'Makassar', 'Kota', '90111', '2025-06-05 07:19:15', '2025-06-05 07:19:15'),
(255, '255', '11', 'Malang', 'Kabupaten', '65163', '2025-06-05 07:19:15', '2025-06-05 07:19:15'),
(256, '256', '11', 'Malang', 'Kota', '65112', '2025-06-05 07:19:15', '2025-06-05 07:19:15'),
(257, '257', '16', 'Malinau', 'Kabupaten', '77511', '2025-06-05 07:19:15', '2025-06-05 07:19:15'),
(258, '258', '19', 'Maluku Barat Daya', 'Kabupaten', '97451', '2025-06-05 07:19:15', '2025-06-05 07:19:15'),
(259, '259', '19', 'Maluku Tengah', 'Kabupaten', '97513', '2025-06-05 07:19:15', '2025-06-05 07:19:15'),
(260, '260', '19', 'Maluku Tenggara', 'Kabupaten', '97651', '2025-06-05 07:19:15', '2025-06-05 07:19:15'),
(261, '261', '19', 'Maluku Tenggara Barat', 'Kabupaten', '97465', '2025-06-05 07:19:15', '2025-06-05 07:19:15'),
(262, '262', '27', 'Mamasa', 'Kabupaten', '91362', '2025-06-05 07:19:15', '2025-06-05 07:19:15'),
(263, '263', '24', 'Mamberamo Raya', 'Kabupaten', '99381', '2025-06-05 07:19:15', '2025-06-05 07:19:15'),
(264, '264', '24', 'Mamberamo Tengah', 'Kabupaten', '99553', '2025-06-05 07:19:15', '2025-06-05 07:19:15'),
(265, '265', '27', 'Mamuju', 'Kabupaten', '91519', '2025-06-05 07:19:15', '2025-06-05 07:19:15'),
(266, '266', '27', 'Mamuju Utara', 'Kabupaten', '91571', '2025-06-05 07:19:15', '2025-06-05 07:19:15'),
(267, '267', '31', 'Manado', 'Kota', '95247', '2025-06-05 07:19:15', '2025-06-05 07:19:15'),
(268, '268', '34', 'Mandailing Natal', 'Kabupaten', '22916', '2025-06-05 07:19:15', '2025-06-05 07:19:15'),
(269, '269', '23', 'Manggarai', 'Kabupaten', '86551', '2025-06-05 07:19:15', '2025-06-05 07:19:15'),
(270, '270', '23', 'Manggarai Barat', 'Kabupaten', '86711', '2025-06-05 07:19:15', '2025-06-05 07:19:15'),
(271, '271', '23', 'Manggarai Timur', 'Kabupaten', '86811', '2025-06-05 07:19:15', '2025-06-05 07:19:15'),
(272, '272', '25', 'Manokwari', 'Kabupaten', '98311', '2025-06-05 07:19:15', '2025-06-05 07:19:15'),
(273, '273', '25', 'Manokwari Selatan', 'Kabupaten', '98355', '2025-06-05 07:19:15', '2025-06-05 07:19:15'),
(274, '274', '24', 'Mappi', 'Kabupaten', '99853', '2025-06-05 07:19:15', '2025-06-05 07:19:15'),
(275, '275', '28', 'Maros', 'Kabupaten', '90511', '2025-06-05 07:19:15', '2025-06-05 07:19:15'),
(276, '276', '22', 'Mataram', 'Kota', '83131', '2025-06-05 07:19:15', '2025-06-05 07:19:15'),
(277, '277', '25', 'Maybrat', 'Kabupaten', '98051', '2025-06-05 07:19:15', '2025-06-05 07:19:15'),
(278, '278', '34', 'Medan', 'Kota', '20228', '2025-06-05 07:19:15', '2025-06-05 07:19:15'),
(279, '279', '12', 'Melawi', 'Kabupaten', '78619', '2025-06-05 07:19:15', '2025-06-05 07:19:15'),
(280, '280', '8', 'Merangin', 'Kabupaten', '37319', '2025-06-05 07:19:15', '2025-06-05 07:19:15'),
(281, '281', '24', 'Merauke', 'Kabupaten', '99613', '2025-06-05 07:19:15', '2025-06-05 07:19:15'),
(282, '282', '18', 'Mesuji', 'Kabupaten', '34911', '2025-06-05 07:19:15', '2025-06-05 07:19:15'),
(283, '283', '18', 'Metro', 'Kota', '34111', '2025-06-05 07:19:15', '2025-06-05 07:19:15'),
(284, '284', '24', 'Mimika', 'Kabupaten', '99962', '2025-06-05 07:19:15', '2025-06-05 07:19:15'),
(285, '285', '31', 'Minahasa', 'Kabupaten', '95614', '2025-06-05 07:19:15', '2025-06-05 07:19:15'),
(286, '286', '31', 'Minahasa Selatan', 'Kabupaten', '95914', '2025-06-05 07:19:15', '2025-06-05 07:19:15'),
(287, '287', '31', 'Minahasa Tenggara', 'Kabupaten', '95995', '2025-06-05 07:19:15', '2025-06-05 07:19:15'),
(288, '288', '31', 'Minahasa Utara', 'Kabupaten', '95316', '2025-06-05 07:19:15', '2025-06-05 07:19:15'),
(289, '289', '11', 'Mojokerto', 'Kabupaten', '61382', '2025-06-05 07:19:15', '2025-06-05 07:19:15'),
(290, '290', '11', 'Mojokerto', 'Kota', '61316', '2025-06-05 07:19:15', '2025-06-05 07:19:15'),
(291, '291', '29', 'Morowali', 'Kabupaten', '94911', '2025-06-05 07:19:15', '2025-06-05 07:19:15'),
(292, '292', '33', 'Muara Enim', 'Kabupaten', '31315', '2025-06-05 07:19:15', '2025-06-05 07:19:15'),
(293, '293', '8', 'Muaro Jambi', 'Kabupaten', '36311', '2025-06-05 07:19:15', '2025-06-05 07:19:15'),
(294, '294', '4', 'Muko Muko', 'Kabupaten', '38715', '2025-06-05 07:19:15', '2025-06-05 07:19:15'),
(295, '295', '30', 'Muna', 'Kabupaten', '93611', '2025-06-05 07:19:15', '2025-06-05 07:19:15'),
(296, '296', '14', 'Murung Raya', 'Kabupaten', '73911', '2025-06-05 07:19:15', '2025-06-05 07:19:15'),
(297, '297', '33', 'Musi Banyuasin', 'Kabupaten', '30719', '2025-06-05 07:19:15', '2025-06-05 07:19:15'),
(298, '298', '33', 'Musi Rawas', 'Kabupaten', '31661', '2025-06-05 07:19:15', '2025-06-05 07:19:15'),
(299, '299', '24', 'Nabire', 'Kabupaten', '98816', '2025-06-05 07:19:15', '2025-06-05 07:19:15'),
(300, '300', '21', 'Nagan Raya', 'Kabupaten', '23674', '2025-06-05 07:19:15', '2025-06-05 07:19:15'),
(301, '301', '23', 'Nagekeo', 'Kabupaten', '86911', '2025-06-05 07:19:15', '2025-06-05 07:19:15'),
(302, '302', '17', 'Natuna', 'Kabupaten', '29711', '2025-06-05 07:19:15', '2025-06-05 07:19:15'),
(303, '303', '24', 'Nduga', 'Kabupaten', '99541', '2025-06-05 07:19:15', '2025-06-05 07:19:15'),
(304, '304', '23', 'Ngada', 'Kabupaten', '86413', '2025-06-05 07:19:15', '2025-06-05 07:19:15'),
(305, '305', '11', 'Nganjuk', 'Kabupaten', '64414', '2025-06-05 07:19:15', '2025-06-05 07:19:15'),
(306, '306', '11', 'Ngawi', 'Kabupaten', '63219', '2025-06-05 07:19:15', '2025-06-05 07:19:15'),
(307, '307', '34', 'Nias', 'Kabupaten', '22876', '2025-06-05 07:19:15', '2025-06-05 07:19:15'),
(308, '308', '34', 'Nias Barat', 'Kabupaten', '22895', '2025-06-05 07:19:15', '2025-06-05 07:19:15'),
(309, '309', '34', 'Nias Selatan', 'Kabupaten', '22865', '2025-06-05 07:19:15', '2025-06-05 07:19:15'),
(310, '310', '34', 'Nias Utara', 'Kabupaten', '22856', '2025-06-05 07:19:15', '2025-06-05 07:19:15'),
(311, '311', '16', 'Nunukan', 'Kabupaten', '77421', '2025-06-05 07:19:15', '2025-06-05 07:19:15'),
(312, '312', '33', 'Ogan Ilir', 'Kabupaten', '30811', '2025-06-05 07:19:15', '2025-06-05 07:19:15'),
(313, '313', '33', 'Ogan Komering Ilir', 'Kabupaten', '30618', '2025-06-05 07:19:15', '2025-06-05 07:19:15'),
(314, '314', '33', 'Ogan Komering Ulu', 'Kabupaten', '32112', '2025-06-05 07:19:15', '2025-06-05 07:19:15'),
(315, '315', '33', 'Ogan Komering Ulu Selatan', 'Kabupaten', '32211', '2025-06-05 07:19:15', '2025-06-05 07:19:15'),
(316, '316', '33', 'Ogan Komering Ulu Timur', 'Kabupaten', '32312', '2025-06-05 07:19:15', '2025-06-05 07:19:15'),
(317, '317', '11', 'Pacitan', 'Kabupaten', '63512', '2025-06-05 07:19:15', '2025-06-05 07:19:15'),
(318, '318', '32', 'Padang', 'Kota', '25112', '2025-06-05 07:19:15', '2025-06-05 07:19:15'),
(319, '319', '34', 'Padang Lawas', 'Kabupaten', '22763', '2025-06-05 07:19:15', '2025-06-05 07:19:15'),
(320, '320', '34', 'Padang Lawas Utara', 'Kabupaten', '22753', '2025-06-05 07:19:15', '2025-06-05 07:19:15'),
(321, '321', '32', 'Padang Panjang', 'Kota', '27122', '2025-06-05 07:19:15', '2025-06-05 07:19:15'),
(322, '322', '32', 'Padang Pariaman', 'Kabupaten', '25583', '2025-06-05 07:19:15', '2025-06-05 07:19:15'),
(323, '323', '34', 'Padang Sidempuan', 'Kota', '22727', '2025-06-05 07:19:15', '2025-06-05 07:19:15'),
(324, '324', '33', 'Pagar Alam', 'Kota', '31512', '2025-06-05 07:19:15', '2025-06-05 07:19:15'),
(325, '325', '34', 'Pakpak Bharat', 'Kabupaten', '22272', '2025-06-05 07:19:15', '2025-06-05 07:19:15'),
(326, '326', '14', 'Palangka Raya', 'Kota', '73112', '2025-06-05 07:19:15', '2025-06-05 07:19:15'),
(327, '327', '33', 'Palembang', 'Kota', '30111', '2025-06-05 07:19:15', '2025-06-05 07:19:15'),
(328, '328', '28', 'Palopo', 'Kota', '91911', '2025-06-05 07:19:15', '2025-06-05 07:19:15'),
(329, '329', '29', 'Palu', 'Kota', '94111', '2025-06-05 07:19:15', '2025-06-05 07:19:15'),
(330, '330', '11', 'Pamekasan', 'Kabupaten', '69319', '2025-06-05 07:19:15', '2025-06-05 07:19:15'),
(331, '331', '3', 'Pandeglang', 'Kabupaten', '42212', '2025-06-05 07:19:15', '2025-06-05 07:19:15'),
(332, '332', '9', 'Pangandaran', 'Kabupaten', '46511', '2025-06-05 07:19:15', '2025-06-05 07:19:15'),
(333, '333', '28', 'Pangkajene Kepulauan', 'Kabupaten', '90611', '2025-06-05 07:19:15', '2025-06-05 07:19:15'),
(334, '334', '2', 'Pangkal Pinang', 'Kota', '33115', '2025-06-05 07:19:15', '2025-06-05 07:19:15'),
(335, '335', '24', 'Paniai', 'Kabupaten', '98765', '2025-06-05 07:19:15', '2025-06-05 07:19:15'),
(336, '336', '28', 'Parepare', 'Kota', '91123', '2025-06-05 07:19:15', '2025-06-05 07:19:15'),
(337, '337', '32', 'Pariaman', 'Kota', '25511', '2025-06-05 07:19:15', '2025-06-05 07:19:15'),
(338, '338', '29', 'Parigi Moutong', 'Kabupaten', '94411', '2025-06-05 07:19:15', '2025-06-05 07:19:15'),
(339, '339', '32', 'Pasaman', 'Kabupaten', '26318', '2025-06-05 07:19:15', '2025-06-05 07:19:15'),
(340, '340', '32', 'Pasaman Barat', 'Kabupaten', '26511', '2025-06-05 07:19:15', '2025-06-05 07:19:15'),
(341, '341', '15', 'Paser', 'Kabupaten', '76211', '2025-06-05 07:19:15', '2025-06-05 07:19:15'),
(342, '342', '11', 'Pasuruan', 'Kabupaten', '67153', '2025-06-05 07:19:15', '2025-06-05 07:19:15'),
(343, '343', '11', 'Pasuruan', 'Kota', '67118', '2025-06-05 07:19:15', '2025-06-05 07:19:15'),
(344, '344', '10', 'Pati', 'Kabupaten', '59114', '2025-06-05 07:19:15', '2025-06-05 07:19:15'),
(345, '345', '32', 'Payakumbuh', 'Kota', '26213', '2025-06-05 07:19:15', '2025-06-05 07:19:15'),
(346, '346', '25', 'Pegunungan Arfak', 'Kabupaten', '98354', '2025-06-05 07:19:15', '2025-06-05 07:19:15'),
(347, '347', '24', 'Pegunungan Bintang', 'Kabupaten', '99573', '2025-06-05 07:19:15', '2025-06-05 07:19:15'),
(348, '348', '10', 'Pekalongan', 'Kabupaten', '51161', '2025-06-05 07:19:15', '2025-06-05 07:19:15'),
(349, '349', '10', 'Pekalongan', 'Kota', '51122', '2025-06-05 07:19:15', '2025-06-05 07:19:15'),
(350, '350', '26', 'Pekanbaru', 'Kota', '28112', '2025-06-05 07:19:15', '2025-06-05 07:19:15'),
(351, '351', '26', 'Pelalawan', 'Kabupaten', '28311', '2025-06-05 07:19:15', '2025-06-05 07:19:15'),
(352, '352', '10', 'Pemalang', 'Kabupaten', '52319', '2025-06-05 07:19:15', '2025-06-05 07:19:15'),
(353, '353', '34', 'Pematang Siantar', 'Kota', '21126', '2025-06-05 07:19:15', '2025-06-05 07:19:15'),
(354, '354', '15', 'Penajam Paser Utara', 'Kabupaten', '76311', '2025-06-05 07:19:15', '2025-06-05 07:19:15'),
(355, '355', '18', 'Pesawaran', 'Kabupaten', '35312', '2025-06-05 07:19:15', '2025-06-05 07:19:15'),
(356, '356', '18', 'Pesisir Barat', 'Kabupaten', '35974', '2025-06-05 07:19:15', '2025-06-05 07:19:15'),
(357, '357', '32', 'Pesisir Selatan', 'Kabupaten', '25611', '2025-06-05 07:19:15', '2025-06-05 07:19:15'),
(358, '358', '21', 'Pidie', 'Kabupaten', '24116', '2025-06-05 07:19:15', '2025-06-05 07:19:15'),
(359, '359', '21', 'Pidie Jaya', 'Kabupaten', '24186', '2025-06-05 07:19:15', '2025-06-05 07:19:15'),
(360, '360', '28', 'Pinrang', 'Kabupaten', '91251', '2025-06-05 07:19:15', '2025-06-05 07:19:15'),
(361, '361', '7', 'Pohuwato', 'Kabupaten', '96419', '2025-06-05 07:19:15', '2025-06-05 07:19:15'),
(362, '362', '27', 'Polewali Mandar', 'Kabupaten', '91311', '2025-06-05 07:19:15', '2025-06-05 07:19:15'),
(363, '363', '11', 'Ponorogo', 'Kabupaten', '63411', '2025-06-05 07:19:15', '2025-06-05 07:19:15'),
(364, '364', '12', 'Pontianak', 'Kabupaten', '78971', '2025-06-05 07:19:15', '2025-06-05 07:19:15'),
(365, '365', '12', 'Pontianak', 'Kota', '78112', '2025-06-05 07:19:15', '2025-06-05 07:19:15'),
(366, '366', '29', 'Poso', 'Kabupaten', '94615', '2025-06-05 07:19:15', '2025-06-05 07:19:15'),
(367, '367', '33', 'Prabumulih', 'Kota', '31121', '2025-06-05 07:19:15', '2025-06-05 07:19:15'),
(368, '368', '18', 'Pringsewu', 'Kabupaten', '35719', '2025-06-05 07:19:15', '2025-06-05 07:19:15'),
(369, '369', '11', 'Probolinggo', 'Kabupaten', '67282', '2025-06-05 07:19:15', '2025-06-05 07:19:15'),
(370, '370', '11', 'Probolinggo', 'Kota', '67215', '2025-06-05 07:19:15', '2025-06-05 07:19:15'),
(371, '371', '14', 'Pulang Pisau', 'Kabupaten', '74811', '2025-06-05 07:19:15', '2025-06-05 07:19:15'),
(372, '372', '20', 'Pulau Morotai', 'Kabupaten', '97771', '2025-06-05 07:19:15', '2025-06-05 07:19:15'),
(373, '373', '24', 'Puncak', 'Kabupaten', '98981', '2025-06-05 07:19:15', '2025-06-05 07:19:15'),
(374, '374', '24', 'Puncak Jaya', 'Kabupaten', '98979', '2025-06-05 07:19:15', '2025-06-05 07:19:15'),
(375, '375', '10', 'Purbalingga', 'Kabupaten', '53312', '2025-06-05 07:19:15', '2025-06-05 07:19:15'),
(376, '376', '9', 'Purwakarta', 'Kabupaten', '41119', '2025-06-05 07:19:15', '2025-06-05 07:19:15'),
(377, '377', '10', 'Purworejo', 'Kabupaten', '54111', '2025-06-05 07:19:15', '2025-06-05 07:19:15'),
(378, '378', '25', 'Raja Ampat', 'Kabupaten', '98489', '2025-06-05 07:19:15', '2025-06-05 07:19:15'),
(379, '379', '4', 'Rejang Lebong', 'Kabupaten', '39112', '2025-06-05 07:19:15', '2025-06-05 07:19:15'),
(380, '380', '10', 'Rembang', 'Kabupaten', '59219', '2025-06-05 07:19:15', '2025-06-05 07:19:15'),
(381, '381', '26', 'Rokan Hilir', 'Kabupaten', '28992', '2025-06-05 07:19:15', '2025-06-05 07:19:15'),
(382, '382', '26', 'Rokan Hulu', 'Kabupaten', '28511', '2025-06-05 07:19:15', '2025-06-05 07:19:15'),
(383, '383', '23', 'Rote Ndao', 'Kabupaten', '85982', '2025-06-05 07:19:15', '2025-06-05 07:19:15'),
(384, '384', '21', 'Sabang', 'Kota', '23512', '2025-06-05 07:19:15', '2025-06-05 07:19:15'),
(385, '385', '23', 'Sabu Raijua', 'Kabupaten', '85391', '2025-06-05 07:19:15', '2025-06-05 07:19:15'),
(386, '386', '10', 'Salatiga', 'Kota', '50711', '2025-06-05 07:19:15', '2025-06-05 07:19:15'),
(387, '387', '15', 'Samarinda', 'Kota', '75133', '2025-06-05 07:19:15', '2025-06-05 07:19:15'),
(388, '388', '12', 'Sambas', 'Kabupaten', '79453', '2025-06-05 07:19:15', '2025-06-05 07:19:15'),
(389, '389', '34', 'Samosir', 'Kabupaten', '22392', '2025-06-05 07:19:15', '2025-06-05 07:19:15'),
(390, '390', '11', 'Sampang', 'Kabupaten', '69219', '2025-06-05 07:19:15', '2025-06-05 07:19:15'),
(391, '391', '12', 'Sanggau', 'Kabupaten', '78557', '2025-06-05 07:19:15', '2025-06-05 07:19:15'),
(392, '392', '24', 'Sarmi', 'Kabupaten', '99373', '2025-06-05 07:19:15', '2025-06-05 07:19:15'),
(393, '393', '8', 'Sarolangun', 'Kabupaten', '37419', '2025-06-05 07:19:15', '2025-06-05 07:19:15'),
(394, '394', '32', 'Sawah Lunto', 'Kota', '27416', '2025-06-05 07:19:15', '2025-06-05 07:19:15'),
(395, '395', '12', 'Sekadau', 'Kabupaten', '79583', '2025-06-05 07:19:15', '2025-06-05 07:19:15'),
(396, '396', '28', 'Selayar (Kepulauan Selayar)', 'Kabupaten', '92812', '2025-06-05 07:19:15', '2025-06-05 07:19:15'),
(397, '397', '4', 'Seluma', 'Kabupaten', '38811', '2025-06-05 07:19:15', '2025-06-05 07:19:15'),
(398, '398', '10', 'Semarang', 'Kabupaten', '50511', '2025-06-05 07:19:15', '2025-06-05 07:19:15'),
(399, '399', '10', 'Semarang', 'Kota', '50135', '2025-06-05 07:19:15', '2025-06-05 07:19:15'),
(400, '400', '19', 'Seram Bagian Barat', 'Kabupaten', '97561', '2025-06-05 07:19:15', '2025-06-05 07:19:15'),
(401, '401', '19', 'Seram Bagian Timur', 'Kabupaten', '97581', '2025-06-05 07:19:15', '2025-06-05 07:19:15'),
(402, '402', '3', 'Serang', 'Kabupaten', '42182', '2025-06-05 07:19:15', '2025-06-05 07:19:15'),
(403, '403', '3', 'Serang', 'Kota', '42111', '2025-06-05 07:19:15', '2025-06-05 07:19:15'),
(404, '404', '34', 'Serdang Bedagai', 'Kabupaten', '20915', '2025-06-05 07:19:15', '2025-06-05 07:19:15'),
(405, '405', '14', 'Seruyan', 'Kabupaten', '74211', '2025-06-05 07:19:15', '2025-06-05 07:19:15'),
(406, '406', '26', 'Siak', 'Kabupaten', '28623', '2025-06-05 07:19:15', '2025-06-05 07:19:15'),
(407, '407', '34', 'Sibolga', 'Kota', '22522', '2025-06-05 07:19:15', '2025-06-05 07:19:15'),
(408, '408', '28', 'Sidenreng Rappang/Rapang', 'Kabupaten', '91613', '2025-06-05 07:19:15', '2025-06-05 07:19:15'),
(409, '409', '11', 'Sidoarjo', 'Kabupaten', '61219', '2025-06-05 07:19:15', '2025-06-05 07:19:15'),
(410, '410', '29', 'Sigi', 'Kabupaten', '94364', '2025-06-05 07:19:15', '2025-06-05 07:19:15'),
(411, '411', '32', 'Sijunjung (Sawah Lunto Sijunjung)', 'Kabupaten', '27511', '2025-06-05 07:19:15', '2025-06-05 07:19:15'),
(412, '412', '23', 'Sikka', 'Kabupaten', '86121', '2025-06-05 07:19:15', '2025-06-05 07:19:15'),
(413, '413', '34', 'Simalungun', 'Kabupaten', '21162', '2025-06-05 07:19:15', '2025-06-05 07:19:15'),
(414, '414', '21', 'Simeulue', 'Kabupaten', '23891', '2025-06-05 07:19:15', '2025-06-05 07:19:15'),
(415, '415', '12', 'Singkawang', 'Kota', '79117', '2025-06-05 07:19:15', '2025-06-05 07:19:15'),
(416, '416', '28', 'Sinjai', 'Kabupaten', '92615', '2025-06-05 07:19:15', '2025-06-05 07:19:15'),
(417, '417', '12', 'Sintang', 'Kabupaten', '78619', '2025-06-05 07:19:15', '2025-06-05 07:19:15'),
(418, '418', '11', 'Situbondo', 'Kabupaten', '68316', '2025-06-05 07:19:15', '2025-06-05 07:19:15'),
(419, '419', '5', 'Sleman', 'Kabupaten', '55513', '2025-06-05 07:19:15', '2025-06-05 07:19:15'),
(420, '420', '32', 'Solok', 'Kabupaten', '27365', '2025-06-05 07:19:15', '2025-06-05 07:19:15'),
(421, '421', '32', 'Solok', 'Kota', '27315', '2025-06-05 07:19:15', '2025-06-05 07:19:15'),
(422, '422', '32', 'Solok Selatan', 'Kabupaten', '27779', '2025-06-05 07:19:15', '2025-06-05 07:19:15'),
(423, '423', '28', 'Soppeng', 'Kabupaten', '90812', '2025-06-05 07:19:15', '2025-06-05 07:19:15'),
(424, '424', '25', 'Sorong', 'Kabupaten', '98431', '2025-06-05 07:19:15', '2025-06-05 07:19:15'),
(425, '425', '25', 'Sorong', 'Kota', '98411', '2025-06-05 07:19:15', '2025-06-05 07:19:15'),
(426, '426', '25', 'Sorong Selatan', 'Kabupaten', '98454', '2025-06-05 07:19:15', '2025-06-05 07:19:15'),
(427, '427', '10', 'Sragen', 'Kabupaten', '57211', '2025-06-05 07:19:15', '2025-06-05 07:19:15'),
(428, '428', '9', 'Subang', 'Kabupaten', '41215', '2025-06-05 07:19:15', '2025-06-05 07:19:15'),
(429, '429', '21', 'Subulussalam', 'Kota', '24882', '2025-06-05 07:19:15', '2025-06-05 07:19:15'),
(430, '430', '9', 'Sukabumi', 'Kabupaten', '43311', '2025-06-05 07:19:15', '2025-06-05 07:19:15'),
(431, '431', '9', 'Sukabumi', 'Kota', '43114', '2025-06-05 07:19:15', '2025-06-05 07:19:15'),
(432, '432', '14', 'Sukamara', 'Kabupaten', '74712', '2025-06-05 07:19:15', '2025-06-05 07:19:15'),
(433, '433', '10', 'Sukoharjo', 'Kabupaten', '57514', '2025-06-05 07:19:15', '2025-06-05 07:19:15'),
(434, '434', '23', 'Sumba Barat', 'Kabupaten', '87219', '2025-06-05 07:19:15', '2025-06-05 07:19:15'),
(435, '435', '23', 'Sumba Barat Daya', 'Kabupaten', '87453', '2025-06-05 07:19:15', '2025-06-05 07:19:15'),
(436, '436', '23', 'Sumba Tengah', 'Kabupaten', '87358', '2025-06-05 07:19:15', '2025-06-05 07:19:15'),
(437, '437', '23', 'Sumba Timur', 'Kabupaten', '87112', '2025-06-05 07:19:15', '2025-06-05 07:19:15'),
(438, '438', '22', 'Sumbawa', 'Kabupaten', '84315', '2025-06-05 07:19:15', '2025-06-05 07:19:15'),
(439, '439', '22', 'Sumbawa Barat', 'Kabupaten', '84419', '2025-06-05 07:19:15', '2025-06-05 07:19:15'),
(440, '440', '9', 'Sumedang', 'Kabupaten', '45326', '2025-06-05 07:19:15', '2025-06-05 07:19:15'),
(441, '441', '11', 'Sumenep', 'Kabupaten', '69413', '2025-06-05 07:19:15', '2025-06-05 07:19:15'),
(442, '442', '8', 'Sungaipenuh', 'Kota', '37113', '2025-06-05 07:19:15', '2025-06-05 07:19:15'),
(443, '443', '24', 'Supiori', 'Kabupaten', '98164', '2025-06-05 07:19:15', '2025-06-05 07:19:15'),
(444, '444', '11', 'Surabaya', 'Kota', '60119', '2025-06-05 07:19:15', '2025-06-05 07:19:15'),
(445, '445', '10', 'Surakarta (Solo)', 'Kota', '57113', '2025-06-05 07:19:15', '2025-06-05 07:19:15'),
(446, '446', '13', 'Tabalong', 'Kabupaten', '71513', '2025-06-05 07:19:15', '2025-06-05 07:19:15'),
(447, '447', '1', 'Tabanan', 'Kabupaten', '82119', '2025-06-05 07:19:15', '2025-06-05 07:19:15'),
(448, '448', '28', 'Takalar', 'Kabupaten', '92212', '2025-06-05 07:19:15', '2025-06-05 07:19:15'),
(449, '449', '25', 'Tambrauw', 'Kabupaten', '98475', '2025-06-05 07:19:15', '2025-06-05 07:19:15'),
(450, '450', '16', 'Tana Tidung', 'Kabupaten', '77611', '2025-06-05 07:19:15', '2025-06-05 07:19:15'),
(451, '451', '28', 'Tana Toraja', 'Kabupaten', '91819', '2025-06-05 07:19:15', '2025-06-05 07:19:15'),
(452, '452', '13', 'Tanah Bumbu', 'Kabupaten', '72211', '2025-06-05 07:19:15', '2025-06-05 07:19:15'),
(453, '453', '32', 'Tanah Datar', 'Kabupaten', '27211', '2025-06-05 07:19:15', '2025-06-05 07:19:15'),
(454, '454', '13', 'Tanah Laut', 'Kabupaten', '70811', '2025-06-05 07:19:15', '2025-06-05 07:19:15'),
(455, '455', '3', 'Tangerang', 'Kabupaten', '15914', '2025-06-05 07:19:15', '2025-06-05 07:19:15'),
(456, '456', '3', 'Tangerang', 'Kota', '15111', '2025-06-05 07:19:15', '2025-06-05 07:19:15'),
(457, '457', '3', 'Tangerang Selatan', 'Kota', '15435', '2025-06-05 07:19:15', '2025-06-05 07:19:15'),
(458, '458', '18', 'Tanggamus', 'Kabupaten', '35619', '2025-06-05 07:19:15', '2025-06-05 07:19:15'),
(459, '459', '34', 'Tanjung Balai', 'Kota', '21321', '2025-06-05 07:19:15', '2025-06-05 07:19:15'),
(460, '460', '8', 'Tanjung Jabung Barat', 'Kabupaten', '36513', '2025-06-05 07:19:15', '2025-06-05 07:19:15'),
(461, '461', '8', 'Tanjung Jabung Timur', 'Kabupaten', '36719', '2025-06-05 07:19:15', '2025-06-05 07:19:15'),
(462, '462', '17', 'Tanjung Pinang', 'Kota', '29111', '2025-06-05 07:19:15', '2025-06-05 07:19:15'),
(463, '463', '34', 'Tapanuli Selatan', 'Kabupaten', '22742', '2025-06-05 07:19:15', '2025-06-05 07:19:15'),
(464, '464', '34', 'Tapanuli Tengah', 'Kabupaten', '22611', '2025-06-05 07:19:15', '2025-06-05 07:19:15'),
(465, '465', '34', 'Tapanuli Utara', 'Kabupaten', '22414', '2025-06-05 07:19:15', '2025-06-05 07:19:15'),
(466, '466', '13', 'Tapin', 'Kabupaten', '71119', '2025-06-05 07:19:15', '2025-06-05 07:19:15'),
(467, '467', '16', 'Tarakan', 'Kota', '77114', '2025-06-05 07:19:15', '2025-06-05 07:19:15'),
(468, '468', '9', 'Tasikmalaya', 'Kabupaten', '46411', '2025-06-05 07:19:15', '2025-06-05 07:19:15'),
(469, '469', '9', 'Tasikmalaya', 'Kota', '46116', '2025-06-05 07:19:15', '2025-06-05 07:19:15'),
(470, '470', '34', 'Tebing Tinggi', 'Kota', '20632', '2025-06-05 07:19:15', '2025-06-05 07:19:15'),
(471, '471', '8', 'Tebo', 'Kabupaten', '37519', '2025-06-05 07:19:15', '2025-06-05 07:19:15'),
(472, '472', '10', 'Tegal', 'Kabupaten', '52419', '2025-06-05 07:19:15', '2025-06-05 07:19:15'),
(473, '473', '10', 'Tegal', 'Kota', '52114', '2025-06-05 07:19:15', '2025-06-05 07:19:15'),
(474, '474', '25', 'Teluk Bintuni', 'Kabupaten', '98551', '2025-06-05 07:19:15', '2025-06-05 07:19:15'),
(475, '475', '25', 'Teluk Wondama', 'Kabupaten', '98591', '2025-06-05 07:19:15', '2025-06-05 07:19:15'),
(476, '476', '10', 'Temanggung', 'Kabupaten', '56212', '2025-06-05 07:19:15', '2025-06-05 07:19:15'),
(477, '477', '20', 'Ternate', 'Kota', '97714', '2025-06-05 07:19:15', '2025-06-05 07:19:15'),
(478, '478', '20', 'Tidore Kepulauan', 'Kota', '97815', '2025-06-05 07:19:15', '2025-06-05 07:19:15'),
(479, '479', '23', 'Timor Tengah Selatan', 'Kabupaten', '85562', '2025-06-05 07:19:15', '2025-06-05 07:19:15'),
(480, '480', '23', 'Timor Tengah Utara', 'Kabupaten', '85612', '2025-06-05 07:19:15', '2025-06-05 07:19:15'),
(481, '481', '34', 'Toba Samosir', 'Kabupaten', '22316', '2025-06-05 07:19:15', '2025-06-05 07:19:15'),
(482, '482', '29', 'Tojo Una-Una', 'Kabupaten', '94683', '2025-06-05 07:19:15', '2025-06-05 07:19:15'),
(483, '483', '29', 'Toli-Toli', 'Kabupaten', '94542', '2025-06-05 07:19:15', '2025-06-05 07:19:15'),
(484, '484', '24', 'Tolikara', 'Kabupaten', '99411', '2025-06-05 07:19:15', '2025-06-05 07:19:15'),
(485, '485', '31', 'Tomohon', 'Kota', '95416', '2025-06-05 07:19:15', '2025-06-05 07:19:15'),
(486, '486', '28', 'Toraja Utara', 'Kabupaten', '91831', '2025-06-05 07:19:15', '2025-06-05 07:19:15'),
(487, '487', '11', 'Trenggalek', 'Kabupaten', '66312', '2025-06-05 07:19:15', '2025-06-05 07:19:15'),
(488, '488', '19', 'Tual', 'Kota', '97612', '2025-06-05 07:19:15', '2025-06-05 07:19:15'),
(489, '489', '11', 'Tuban', 'Kabupaten', '62319', '2025-06-05 07:19:15', '2025-06-05 07:19:15'),
(490, '490', '18', 'Tulang Bawang', 'Kabupaten', '34613', '2025-06-05 07:19:15', '2025-06-05 07:19:15'),
(491, '491', '18', 'Tulang Bawang Barat', 'Kabupaten', '34419', '2025-06-05 07:19:15', '2025-06-05 07:19:15'),
(492, '492', '11', 'Tulungagung', 'Kabupaten', '66212', '2025-06-05 07:19:15', '2025-06-05 07:19:15'),
(493, '493', '28', 'Wajo', 'Kabupaten', '90911', '2025-06-05 07:19:15', '2025-06-05 07:19:15'),
(494, '494', '30', 'Wakatobi', 'Kabupaten', '93791', '2025-06-05 07:19:15', '2025-06-05 07:19:15'),
(495, '495', '24', 'Waropen', 'Kabupaten', '98269', '2025-06-05 07:19:15', '2025-06-05 07:19:15'),
(496, '496', '18', 'Way Kanan', 'Kabupaten', '34711', '2025-06-05 07:19:15', '2025-06-05 07:19:15'),
(497, '497', '10', 'Wonogiri', 'Kabupaten', '57619', '2025-06-05 07:19:15', '2025-06-05 07:19:15'),
(498, '498', '10', 'Wonosobo', 'Kabupaten', '56311', '2025-06-05 07:19:15', '2025-06-05 07:19:15'),
(499, '499', '24', 'Yahukimo', 'Kabupaten', '99041', '2025-06-05 07:19:15', '2025-06-05 07:19:15'),
(500, '500', '24', 'Yalimo', 'Kabupaten', '99481', '2025-06-05 07:19:15', '2025-06-05 07:19:15'),
(501, '501', '5', 'Yogyakarta', 'Kota', '55111', '2025-06-05 07:19:15', '2025-06-05 07:19:15');

-- --------------------------------------------------------

--
-- Struktur dari tabel `failed_jobs`
--

CREATE TABLE `failed_jobs` (
  `id` bigint(20) UNSIGNED NOT NULL,
  `uuid` varchar(255) NOT NULL,
  `connection` text NOT NULL,
  `queue` text NOT NULL,
  `payload` longtext NOT NULL,
  `exception` longtext NOT NULL,
  `failed_at` timestamp NOT NULL DEFAULT current_timestamp()
) ENGINE=InnoDB DEFAULT CHARSET=utf8mb4 COLLATE=utf8mb4_unicode_ci;

-- --------------------------------------------------------

--
-- Struktur dari tabel `kategori_sepatu`
--

CREATE TABLE `kategori_sepatu` (
  `id` bigint(20) UNSIGNED NOT NULL,
  `nama_kategori` varchar(255) NOT NULL,
  `created_at` timestamp NULL DEFAULT NULL,
  `updated_at` timestamp NULL DEFAULT NULL
) ENGINE=InnoDB DEFAULT CHARSET=utf8mb4 COLLATE=utf8mb4_unicode_ci;

--
-- Dumping data untuk tabel `kategori_sepatu`
--

INSERT INTO `kategori_sepatu` (`id`, `nama_kategori`, `created_at`, `updated_at`) VALUES
(2, 'canvas', '2025-05-30 04:01:14', '2025-05-30 04:01:14'),
(3, 'coba 2', '2025-05-30 05:00:21', '2025-05-30 05:00:21');

-- --------------------------------------------------------

--
-- Struktur dari tabel `migrations`
--

CREATE TABLE `migrations` (
  `id` int(10) UNSIGNED NOT NULL,
  `migration` varchar(255) NOT NULL,
  `batch` int(11) NOT NULL
) ENGINE=InnoDB DEFAULT CHARSET=utf8mb4 COLLATE=utf8mb4_unicode_ci;

--
-- Dumping data untuk tabel `migrations`
--

INSERT INTO `migrations` (`id`, `migration`, `batch`) VALUES
(1, '2014_10_12_000000_create_users_table', 1),
(2, '2014_10_12_100000_create_password_reset_tokens_table', 1),
(3, '2019_08_19_000000_create_failed_jobs_table', 1),
(4, '2019_12_14_000001_create_personal_access_tokens_table', 1),
(5, '2025_05_30_093123_kategori_sepatu', 2),
(6, '2025_05_30_093437_sepatu_migrate', 3),
(7, '2025_05_30_103028_add_harga_sepatu', 4),
(8, '2025_05_30_121153_add_cart_table', 5),
(9, '2025_06_02_034047_create_table_transaction', 6),
(10, '2025_06_02_035318_change_total_harga_column_in_transactions_table', 6),
(11, '2025_06_02_035442_add_expired_at_to_transactions_table', 6),
(12, '2025_06_02_122516_add_snap_token_and_order_id_to_transactions_table', 7),
(13, '2025_06_03_060920_modify_expired_at_to_datetime_in_transactions_table', 8),
(14, '2025_06_03_133117_add_voucher_code_table', 9),
(15, '2025_06_05_134419_add_shipping_details_to_transactions_table', 10),
(16, '2025_06_05_134652_create_provinces_table', 11),
(17, '2025_06_05_134721_create_cities_table', 11),
(18, '2025_06_06_145647_add_address_details_to_users_table', 12),
(19, '2025_06_06_152429_add_address_to_transactions_table', 13),
(20, '2025_06_08_080703_add_voucher_id_to_transactions_table', 14),
(21, '2025_06_09_122608_add_shipping_status_to_transactions_table', 15),
(22, '2025_06_09_122729_create_reviews_table', 16),
(23, '2025_06_09_144411_add_cancel_to_transactions_table', 17),
(24, '2025_06_09_144512_create_cancel_request_table', 18),
(25, '2025_07_17_104859_create_super_admin_table', 19);

-- --------------------------------------------------------

--
-- Struktur dari tabel `password_reset_tokens`
--

CREATE TABLE `password_reset_tokens` (
  `email` varchar(255) NOT NULL,
  `token` varchar(255) NOT NULL,
  `created_at` timestamp NULL DEFAULT NULL
) ENGINE=InnoDB DEFAULT CHARSET=utf8mb4 COLLATE=utf8mb4_unicode_ci;

-- --------------------------------------------------------

--
-- Struktur dari tabel `personal_access_tokens`
--

CREATE TABLE `personal_access_tokens` (
  `id` bigint(20) UNSIGNED NOT NULL,
  `tokenable_type` varchar(255) NOT NULL,
  `tokenable_id` bigint(20) UNSIGNED NOT NULL,
  `name` varchar(255) NOT NULL,
  `token` varchar(64) NOT NULL,
  `abilities` text DEFAULT NULL,
  `last_used_at` timestamp NULL DEFAULT NULL,
  `expires_at` timestamp NULL DEFAULT NULL,
  `created_at` timestamp NULL DEFAULT NULL,
  `updated_at` timestamp NULL DEFAULT NULL
) ENGINE=InnoDB DEFAULT CHARSET=utf8mb4 COLLATE=utf8mb4_unicode_ci;

-- --------------------------------------------------------

--
-- Struktur dari tabel `provinces`
--

CREATE TABLE `provinces` (
  `id` bigint(20) UNSIGNED NOT NULL,
  `province_id` varchar(255) NOT NULL,
  `name` varchar(255) NOT NULL,
  `created_at` timestamp NULL DEFAULT NULL,
  `updated_at` timestamp NULL DEFAULT NULL
) ENGINE=InnoDB DEFAULT CHARSET=utf8mb4 COLLATE=utf8mb4_unicode_ci;

--
-- Dumping data untuk tabel `provinces`
--

INSERT INTO `provinces` (`id`, `province_id`, `name`, `created_at`, `updated_at`) VALUES
(1, '1', 'Bali', '2025-06-05 07:17:16', '2025-06-05 07:17:16'),
(2, '2', 'Bangka Belitung', '2025-06-05 07:17:16', '2025-06-05 07:17:16'),
(3, '3', 'Banten', '2025-06-05 07:17:16', '2025-06-05 07:17:16'),
(4, '4', 'Bengkulu', '2025-06-05 07:17:16', '2025-06-05 07:17:16'),
(5, '5', 'DI Yogyakarta', '2025-06-05 07:17:16', '2025-06-05 07:17:16'),
(6, '6', 'DKI Jakarta', '2025-06-05 07:17:16', '2025-06-05 07:17:16'),
(7, '7', 'Gorontalo', '2025-06-05 07:17:16', '2025-06-05 07:17:16'),
(8, '8', 'Jambi', '2025-06-05 07:17:16', '2025-06-05 07:17:16'),
(9, '9', 'Jawa Barat', '2025-06-05 07:17:16', '2025-06-05 07:17:16'),
(10, '10', 'Jawa Tengah', '2025-06-05 07:17:16', '2025-06-05 07:17:16'),
(11, '11', 'Jawa Timur', '2025-06-05 07:17:16', '2025-06-05 07:17:16'),
(12, '12', 'Kalimantan Barat', '2025-06-05 07:17:16', '2025-06-05 07:17:16'),
(13, '13', 'Kalimantan Selatan', '2025-06-05 07:17:16', '2025-06-05 07:17:16'),
(14, '14', 'Kalimantan Tengah', '2025-06-05 07:17:16', '2025-06-05 07:17:16'),
(15, '15', 'Kalimantan Timur', '2025-06-05 07:17:16', '2025-06-05 07:17:16'),
(16, '16', 'Kalimantan Utara', '2025-06-05 07:17:16', '2025-06-05 07:17:16'),
(17, '17', 'Kepulauan Riau', '2025-06-05 07:17:16', '2025-06-05 07:17:16'),
(18, '18', 'Lampung', '2025-06-05 07:17:16', '2025-06-05 07:17:16'),
(19, '19', 'Maluku', '2025-06-05 07:17:16', '2025-06-05 07:17:16'),
(20, '20', 'Maluku Utara', '2025-06-05 07:17:16', '2025-06-05 07:17:16'),
(21, '21', 'Nanggroe Aceh Darussalam (NAD)', '2025-06-05 07:17:16', '2025-06-05 07:17:16'),
(22, '22', 'Nusa Tenggara Barat (NTB)', '2025-06-05 07:17:16', '2025-06-05 07:17:16'),
(23, '23', 'Nusa Tenggara Timur (NTT)', '2025-06-05 07:17:16', '2025-06-05 07:17:16'),
(24, '24', 'Papua', '2025-06-05 07:17:16', '2025-06-05 07:17:16'),
(25, '25', 'Papua Barat', '2025-06-05 07:17:16', '2025-06-05 07:17:16'),
(26, '26', 'Riau', '2025-06-05 07:17:16', '2025-06-05 07:17:16'),
(27, '27', 'Sulawesi Barat', '2025-06-05 07:17:16', '2025-06-05 07:17:16'),
(28, '28', 'Sulawesi Selatan', '2025-06-05 07:17:16', '2025-06-05 07:17:16'),
(29, '29', 'Sulawesi Tengah', '2025-06-05 07:17:16', '2025-06-05 07:17:16'),
(30, '30', 'Sulawesi Tenggara', '2025-06-05 07:17:16', '2025-06-05 07:17:16'),
(31, '31', 'Sulawesi Utara', '2025-06-05 07:17:16', '2025-06-05 07:17:16'),
(32, '32', 'Sumatera Barat', '2025-06-05 07:17:16', '2025-06-05 07:17:16'),
(33, '33', 'Sumatera Selatan', '2025-06-05 07:17:16', '2025-06-05 07:17:16'),
(34, '34', 'Sumatera Utara', '2025-06-05 07:17:16', '2025-06-05 07:17:16');

-- --------------------------------------------------------

--
-- Struktur dari tabel `reviews`
--

CREATE TABLE `reviews` (
  `id` bigint(20) UNSIGNED NOT NULL,
  `user_id` bigint(20) UNSIGNED NOT NULL,
  `transaction_id` bigint(20) UNSIGNED NOT NULL,
  `sepatu_id` bigint(20) UNSIGNED NOT NULL,
  `comment` text DEFAULT NULL,
  `rating` tinyint(4) NOT NULL DEFAULT 0,
  `created_at` timestamp NULL DEFAULT NULL,
  `updated_at` timestamp NULL DEFAULT NULL
) ENGINE=InnoDB DEFAULT CHARSET=utf8mb4 COLLATE=utf8mb4_unicode_ci;

-- --------------------------------------------------------

--
-- Struktur dari tabel `sepatu`
--

CREATE TABLE `sepatu` (
  `id` bigint(20) UNSIGNED NOT NULL,
  `title` varchar(255) NOT NULL,
  `size` varchar(255) NOT NULL,
  `id_kat` bigint(20) UNSIGNED NOT NULL,
  `image_sepatu` varchar(255) DEFAULT NULL,
  `deskripsi` text NOT NULL,
  `stok` int(11) NOT NULL,
  `created_at` timestamp NULL DEFAULT NULL,
  `updated_at` timestamp NULL DEFAULT NULL,
  `harga_sepatu` int(10) UNSIGNED NOT NULL DEFAULT 0
) ENGINE=InnoDB DEFAULT CHARSET=utf8mb4 COLLATE=utf8mb4_unicode_ci;

--
-- Dumping data untuk tabel `sepatu`
--

INSERT INTO `sepatu` (`id`, `title`, `size`, `id_kat`, `image_sepatu`, `deskripsi`, `stok`, `created_at`, `updated_at`, `harga_sepatu`) VALUES
(3, 'aasddd', '23', 2, 'ImageSepatu/1748604739_foto-masjid_3-removebg-preview.png', 'addqwdcsvdfavdgw', 4, '2025-05-30 04:31:03', '2025-07-08 02:07:31', 230000),
(4, 'aaaaaa', '35', 3, 'ImageSepatu/1748606458_punggur.png', 'Thanks for attending the introductory call for our Software Engineer role in Indonesia.\r\n\r\n \r\n\r\nPlease note that the team requires additional time due to', 23, '2025-05-30 05:00:58', '2025-05-30 05:54:43', 333333333);

-- --------------------------------------------------------

--
-- Struktur dari tabel `super_admin`
--

CREATE TABLE `super_admin` (
  `id` bigint(20) UNSIGNED NOT NULL,
  `name` varchar(255) NOT NULL,
  `email` varchar(255) NOT NULL,
  `password` varchar(255) NOT NULL,
  `created_at` timestamp NULL DEFAULT NULL,
  `updated_at` timestamp NULL DEFAULT NULL
) ENGINE=InnoDB DEFAULT CHARSET=utf8mb4 COLLATE=utf8mb4_unicode_ci;

--
-- Dumping data untuk tabel `super_admin`
--

INSERT INTO `super_admin` (`id`, `name`, `email`, `password`, `created_at`, `updated_at`) VALUES
(3, 'Super Admin', 'superadmin@gmail.com', '$2y$12$Qlh6ABrH1Ji1Z/lDnBseoe8uki5BE6ESFfLYyINn.fuAVDXRtAKG.', '2025-07-17 04:36:14', '2025-07-17 04:36:14'),
(4, 'Super Admin 2', 'superadmin2@gmail.com', '$2y$12$MxyXaSfVM6RpXDWgpizVjOV7eaqYN9PjLBlAm4ltt0TKICSchPQTK', '2025-07-17 04:36:14', '2025-07-17 04:36:14');

-- --------------------------------------------------------

--
-- Struktur dari tabel `transaction`
--

CREATE TABLE `transaction` (
  `id` bigint(20) UNSIGNED NOT NULL,
  `user_id` bigint(20) UNSIGNED NOT NULL,
  `sepatu_id` bigint(20) UNSIGNED NOT NULL,
  `jumlah` int(11) NOT NULL,
  `total_harga` decimal(15,2) NOT NULL,
  `discount` decimal(8,2) DEFAULT 0.00,
  `status` enum('pending','success','failed','cancelled') NOT NULL DEFAULT 'pending',
  `shipping_status` varchar(255) DEFAULT NULL,
  `cancel_reason` text DEFAULT NULL,
  `cancellation_status` varchar(255) DEFAULT NULL,
  `expired_at` datetime DEFAULT NULL,
  `snap_token` varchar(255) DEFAULT NULL,
  `origin` varchar(255) DEFAULT NULL,
  `destination` varchar(255) DEFAULT NULL,
  `courier` varchar(255) DEFAULT NULL,
  `shipping_cost` decimal(15,2) DEFAULT NULL,
  `service` varchar(255) DEFAULT NULL,
  `alamat` text DEFAULT NULL,
  `deskripsi_alamat` text DEFAULT NULL,
  `order_id` varchar(255) DEFAULT NULL,
  `created_at` timestamp NULL DEFAULT NULL,
  `updated_at` timestamp NULL DEFAULT NULL,
  `voucher_id` bigint(20) UNSIGNED DEFAULT NULL
) ENGINE=InnoDB DEFAULT CHARSET=utf8mb4 COLLATE=utf8mb4_unicode_ci;

--
-- Dumping data untuk tabel `transaction`
--

INSERT INTO `transaction` (`id`, `user_id`, `sepatu_id`, `jumlah`, `total_harga`, `discount`, `status`, `shipping_status`, `cancel_reason`, `cancellation_status`, `expired_at`, `snap_token`, `origin`, `destination`, `courier`, `shipping_cost`, `service`, `alamat`, `deskripsi_alamat`, `order_id`, `created_at`, `updated_at`, `voucher_id`) VALUES
(26, 1, 3, 1, 255000.00, 0.00, 'success', 'shipped', NULL, NULL, '2025-06-10 12:45:23', '16975974-5153-47fe-9955-5234a5c100ef', '152', '380', 'jne', 25000.00, 'REG', 'anggraeni cica, Semarang Tengah, Jawa Tengah, 30132, Semarang Tengah, Jawa Tengah, 30132, Semarang Tengah, Jawa Tengah, 30132', NULL, 'ORDER-26-1749473123', '2025-06-09 05:45:23', '2025-06-09 06:46:17', NULL),
(27, 1, 3, 1, 228000.00, 0.00, 'success', 'processed', NULL, NULL, '2025-06-10 13:12:05', 'e8e26c42-bcb0-4624-916c-aa4059b93d73', '152', '232', 'tiki', 18000.00, 'SRP', 'anggraeni cica, Semarang Tengah, Jawa Tengah, 30132, Semarang Tengah, Jawa Tengah, 30132, Semarang Tengah, Jawa Tengah, 30132', NULL, 'ORDER-27-1749474725', '2025-06-09 06:12:05', '2025-06-09 06:19:24', NULL),
(28, 1, 3, 1, 230000.00, 0.00, 'cancelled', 'cancelled', NULL, NULL, '2025-06-10 14:30:54', 'd3d85a63-8f44-4d0e-8ee1-4485ba97ae2c', NULL, NULL, NULL, NULL, NULL, NULL, NULL, 'ORDER-28-1749479454', '2025-06-09 07:30:54', '2025-06-09 08:07:48', NULL),
(29, 1, 3, 1, 350000.00, 0.00, 'pending', NULL, NULL, NULL, '2025-06-25 07:58:28', 'f634c02b-2ac9-4e0e-98a3-7ced3f7362bc', '152', '94', 'jne', 120000.00, 'JTR', 'anggraeni cica, Semarang Tengah, Jawa Tengah, 30132, Semarang Tengah, Jawa Tengah, 30132, Semarang Tengah, Jawa Tengah, 30132', NULL, 'ORDER-29-1750751908', '2025-06-24 00:58:28', '2025-06-24 05:11:05', NULL),
(30, 1, 3, 1, 230000.00, 0.00, 'pending', NULL, NULL, NULL, '2025-06-25 11:52:43', NULL, NULL, NULL, NULL, NULL, NULL, NULL, NULL, 'ORDER-30-1750765963', '2025-06-24 04:52:43', '2025-06-24 04:52:43', NULL),
(31, 1, 3, 1, 325000.00, 0.00, 'pending', NULL, NULL, NULL, '2025-06-25 11:53:57', '8e208b01-fef4-499f-a2fd-e7875da65822', '152', '32', 'jne', 95000.00, 'JTR', 'anggraeni cica, Semarang Tengah, Jawa Tengah, 30132, Semarang Tengah, Jawa Tengah, 30132, Semarang Tengah, Jawa Tengah, 30132', NULL, 'ORDER-31-1750766037', '2025-06-24 04:53:57', '2025-06-24 04:55:23', NULL),
(32, 1, 3, 1, 265000.00, 0.00, 'success', 'processed', NULL, NULL, '2025-07-09 09:06:26', '96bcf41f-191b-441a-b980-b28812fb85dc', '152', '28', 'jne', 35000.00, 'REG', 'anggraeni cica, Semarang Tengah, Jawa Tengah, 30132, Semarang Tengah, Jawa Tengah, 30132, Semarang Tengah, Jawa Tengah, 30132', NULL, 'ORDER-32-1751965586', '2025-07-08 02:06:26', '2025-07-08 02:07:31', NULL);

-- --------------------------------------------------------

--
-- Struktur dari tabel `users`
--

CREATE TABLE `users` (
  `id` bigint(20) UNSIGNED NOT NULL,
  `nama_depan` varchar(255) NOT NULL,
  `nama_belakang` varchar(255) NOT NULL,
  `email` varchar(255) NOT NULL,
  `email_verified_at` timestamp NULL DEFAULT NULL,
  `password` varchar(255) NOT NULL,
  `role_type` tinyint(4) NOT NULL DEFAULT 0,
  `no_hp` varchar(255) DEFAULT NULL,
  `alamat_tinggal` text DEFAULT NULL,
  `asal_kota` varchar(255) DEFAULT NULL,
  `asal_provinsi` varchar(255) DEFAULT NULL,
  `kodepos` varchar(255) DEFAULT NULL,
  `gender` enum('Laki','P') NOT NULL,
  `remember_token` varchar(100) DEFAULT NULL,
  `created_at` timestamp NULL DEFAULT NULL,
  `updated_at` timestamp NULL DEFAULT NULL
) ENGINE=InnoDB DEFAULT CHARSET=utf8mb4 COLLATE=utf8mb4_unicode_ci;

--
-- Dumping data untuk tabel `users`
--

INSERT INTO `users` (`id`, `nama_depan`, `nama_belakang`, `email`, `email_verified_at`, `password`, `role_type`, `no_hp`, `alamat_tinggal`, `asal_kota`, `asal_provinsi`, `kodepos`, `gender`, `remember_token`, `created_at`, `updated_at`) VALUES
(1, 'ali', 'topan', 'alitopan@gmail.com', NULL, '$2y$12$BiwzIWOajpLNxEuBe02tD.j6fjYv82gdrGmPM5XQ5eIaGOexiVntW', 0, '0813242424', 'anggraeni cica, Semarang Tengah, Jawa Tengah, 30132, Semarang Tengah, Jawa Tengah, 30132', 'Semarang Tengah', 'Jawa Tengah', '30132', 'Laki', NULL, '2025-05-27 00:04:50', '2025-06-09 00:09:18'),
(3, 'admin1', 'hehe', 'admin@gmail.com', NULL, '$2y$12$ebU9WZcb/2DYJprsRz//nOfMe6hqfp7Bhmi33sAdtJfKMgM0swp/q', 1, '08123213', NULL, NULL, NULL, NULL, 'Laki', NULL, NULL, '2025-07-17 05:21:41'),
(4, 'epan', 'sumbul', 'sumbul@gmail.com', NULL, '$2y$12$BVGDwaDnMslx/PCH619Qfea.ISRqfRk40Aleu.pekG36JBORSTpp.', 0, '02828228', NULL, NULL, NULL, NULL, 'P', NULL, '2025-06-02 23:56:19', '2025-06-02 23:56:19');

-- --------------------------------------------------------

--
-- Struktur dari tabel `user_cart`
--

CREATE TABLE `user_cart` (
  `id` bigint(20) UNSIGNED NOT NULL,
  `user_id` bigint(20) UNSIGNED NOT NULL,
  `sepatu_id` bigint(20) UNSIGNED NOT NULL,
  `jumlah` int(11) NOT NULL DEFAULT 1,
  `total_harga` bigint(20) NOT NULL,
  `created_at` timestamp NULL DEFAULT NULL,
  `updated_at` timestamp NULL DEFAULT NULL
) ENGINE=InnoDB DEFAULT CHARSET=utf8mb4 COLLATE=utf8mb4_unicode_ci;

--
-- Dumping data untuk tabel `user_cart`
--

INSERT INTO `user_cart` (`id`, `user_id`, `sepatu_id`, `jumlah`, `total_harga`, `created_at`, `updated_at`) VALUES
(9, 1, 3, 1, 230000, '2025-06-14 04:09:38', '2025-06-14 04:09:38'),
(10, 1, 3, 1, 230000, '2025-06-14 04:10:50', '2025-06-14 04:10:50');

-- --------------------------------------------------------

--
-- Struktur dari tabel `voucherlist`
--

CREATE TABLE `voucherlist` (
  `id` bigint(20) UNSIGNED NOT NULL,
  `code` varchar(255) NOT NULL,
  `discount_value` decimal(8,2) NOT NULL,
  `discount_type` enum('percentage','fixed') NOT NULL DEFAULT 'percentage',
  `start_date` datetime NOT NULL,
  `end_date` datetime NOT NULL,
  `max_usage` int(11) DEFAULT NULL,
  `used_count` int(11) NOT NULL DEFAULT 0,
  `is_active` tinyint(1) NOT NULL DEFAULT 1,
  `created_at` timestamp NULL DEFAULT NULL,
  `updated_at` timestamp NULL DEFAULT NULL
) ENGINE=InnoDB DEFAULT CHARSET=utf8mb4 COLLATE=utf8mb4_unicode_ci;

--
-- Dumping data untuk tabel `voucherlist`
--

INSERT INTO `voucherlist` (`id`, `code`, `discount_value`, `discount_type`, `start_date`, `end_date`, `max_usage`, `used_count`, `is_active`, `created_at`, `updated_at`) VALUES
(1, 'DISK10', 10.00, 'percentage', '2025-06-03 21:09:00', '2025-06-04 21:09:00', 10, 0, 1, '2025-06-03 07:09:24', '2025-06-03 07:09:24'),
(2, 'TOKPE2', 20000.00, 'fixed', '2025-06-03 21:10:00', '2025-06-10 21:10:00', 100, 3, 1, '2025-06-03 07:10:51', '2025-06-09 06:12:05');

--
-- Indexes for dumped tables
--

--
-- Indeks untuk tabel `cancel_request`
--
ALTER TABLE `cancel_request`
  ADD PRIMARY KEY (`id`),
  ADD KEY `cancel_request_transaction_id_foreign` (`transaction_id`);

--
-- Indeks untuk tabel `cities`
--
ALTER TABLE `cities`
  ADD PRIMARY KEY (`id`),
  ADD UNIQUE KEY `cities_city_id_unique` (`city_id`),
  ADD KEY `cities_province_id_foreign` (`province_id`);

--
-- Indeks untuk tabel `failed_jobs`
--
ALTER TABLE `failed_jobs`
  ADD PRIMARY KEY (`id`),
  ADD UNIQUE KEY `failed_jobs_uuid_unique` (`uuid`);

--
-- Indeks untuk tabel `kategori_sepatu`
--
ALTER TABLE `kategori_sepatu`
  ADD PRIMARY KEY (`id`);

--
-- Indeks untuk tabel `migrations`
--
ALTER TABLE `migrations`
  ADD PRIMARY KEY (`id`);

--
-- Indeks untuk tabel `password_reset_tokens`
--
ALTER TABLE `password_reset_tokens`
  ADD PRIMARY KEY (`email`);

--
-- Indeks untuk tabel `personal_access_tokens`
--
ALTER TABLE `personal_access_tokens`
  ADD PRIMARY KEY (`id`),
  ADD UNIQUE KEY `personal_access_tokens_token_unique` (`token`),
  ADD KEY `personal_access_tokens_tokenable_type_tokenable_id_index` (`tokenable_type`,`tokenable_id`);

--
-- Indeks untuk tabel `provinces`
--
ALTER TABLE `provinces`
  ADD PRIMARY KEY (`id`),
  ADD UNIQUE KEY `provinces_province_id_unique` (`province_id`);

--
-- Indeks untuk tabel `reviews`
--
ALTER TABLE `reviews`
  ADD PRIMARY KEY (`id`),
  ADD KEY `reviews_user_id_foreign` (`user_id`),
  ADD KEY `reviews_transaction_id_foreign` (`transaction_id`),
  ADD KEY `reviews_sepatu_id_foreign` (`sepatu_id`);

--
-- Indeks untuk tabel `sepatu`
--
ALTER TABLE `sepatu`
  ADD PRIMARY KEY (`id`),
  ADD UNIQUE KEY `sepatu_title_unique` (`title`),
  ADD KEY `sepatu_id_kat_foreign` (`id_kat`);

--
-- Indeks untuk tabel `super_admin`
--
ALTER TABLE `super_admin`
  ADD PRIMARY KEY (`id`),
  ADD UNIQUE KEY `super_admin_email_unique` (`email`);

--
-- Indeks untuk tabel `transaction`
--
ALTER TABLE `transaction`
  ADD PRIMARY KEY (`id`),
  ADD KEY `transaction_user_id_foreign` (`user_id`),
  ADD KEY `transaction_sepatu_id_foreign` (`sepatu_id`),
  ADD KEY `transaction_voucher_id_foreign` (`voucher_id`);

--
-- Indeks untuk tabel `users`
--
ALTER TABLE `users`
  ADD PRIMARY KEY (`id`),
  ADD UNIQUE KEY `users_email_unique` (`email`);

--
-- Indeks untuk tabel `user_cart`
--
ALTER TABLE `user_cart`
  ADD PRIMARY KEY (`id`),
  ADD KEY `user_cart_user_id_foreign` (`user_id`),
  ADD KEY `user_cart_sepatu_id_foreign` (`sepatu_id`);

--
-- Indeks untuk tabel `voucherlist`
--
ALTER TABLE `voucherlist`
  ADD PRIMARY KEY (`id`),
  ADD UNIQUE KEY `voucherlist_code_unique` (`code`);

--
-- AUTO_INCREMENT untuk tabel yang dibuang
--

--
-- AUTO_INCREMENT untuk tabel `cancel_request`
--
ALTER TABLE `cancel_request`
  MODIFY `id` bigint(20) UNSIGNED NOT NULL AUTO_INCREMENT, AUTO_INCREMENT=2;

--
-- AUTO_INCREMENT untuk tabel `cities`
--
ALTER TABLE `cities`
  MODIFY `id` bigint(20) UNSIGNED NOT NULL AUTO_INCREMENT, AUTO_INCREMENT=502;

--
-- AUTO_INCREMENT untuk tabel `failed_jobs`
--
ALTER TABLE `failed_jobs`
  MODIFY `id` bigint(20) UNSIGNED NOT NULL AUTO_INCREMENT;

--
-- AUTO_INCREMENT untuk tabel `kategori_sepatu`
--
ALTER TABLE `kategori_sepatu`
  MODIFY `id` bigint(20) UNSIGNED NOT NULL AUTO_INCREMENT, AUTO_INCREMENT=5;

--
-- AUTO_INCREMENT untuk tabel `migrations`
--
ALTER TABLE `migrations`
  MODIFY `id` int(10) UNSIGNED NOT NULL AUTO_INCREMENT, AUTO_INCREMENT=26;

--
-- AUTO_INCREMENT untuk tabel `personal_access_tokens`
--
ALTER TABLE `personal_access_tokens`
  MODIFY `id` bigint(20) UNSIGNED NOT NULL AUTO_INCREMENT;

--
-- AUTO_INCREMENT untuk tabel `provinces`
--
ALTER TABLE `provinces`
  MODIFY `id` bigint(20) UNSIGNED NOT NULL AUTO_INCREMENT, AUTO_INCREMENT=35;

--
-- AUTO_INCREMENT untuk tabel `reviews`
--
ALTER TABLE `reviews`
  MODIFY `id` bigint(20) UNSIGNED NOT NULL AUTO_INCREMENT;

--
-- AUTO_INCREMENT untuk tabel `sepatu`
--
ALTER TABLE `sepatu`
  MODIFY `id` bigint(20) UNSIGNED NOT NULL AUTO_INCREMENT, AUTO_INCREMENT=5;

--
-- AUTO_INCREMENT untuk tabel `super_admin`
--
ALTER TABLE `super_admin`
  MODIFY `id` bigint(20) UNSIGNED NOT NULL AUTO_INCREMENT, AUTO_INCREMENT=5;

--
-- AUTO_INCREMENT untuk tabel `transaction`
--
ALTER TABLE `transaction`
  MODIFY `id` bigint(20) UNSIGNED NOT NULL AUTO_INCREMENT, AUTO_INCREMENT=33;

--
-- AUTO_INCREMENT untuk tabel `users`
--
ALTER TABLE `users`
  MODIFY `id` bigint(20) UNSIGNED NOT NULL AUTO_INCREMENT, AUTO_INCREMENT=6;

--
-- AUTO_INCREMENT untuk tabel `user_cart`
--
ALTER TABLE `user_cart`
  MODIFY `id` bigint(20) UNSIGNED NOT NULL AUTO_INCREMENT, AUTO_INCREMENT=11;

--
-- AUTO_INCREMENT untuk tabel `voucherlist`
--
ALTER TABLE `voucherlist`
  MODIFY `id` bigint(20) UNSIGNED NOT NULL AUTO_INCREMENT, AUTO_INCREMENT=3;

--
-- Ketidakleluasaan untuk tabel pelimpahan (Dumped Tables)
--

--
-- Ketidakleluasaan untuk tabel `cancel_request`
--
ALTER TABLE `cancel_request`
  ADD CONSTRAINT `cancel_request_transaction_id_foreign` FOREIGN KEY (`transaction_id`) REFERENCES `transaction` (`id`) ON DELETE CASCADE;

--
-- Ketidakleluasaan untuk tabel `cities`
--
ALTER TABLE `cities`
  ADD CONSTRAINT `cities_province_id_foreign` FOREIGN KEY (`province_id`) REFERENCES `provinces` (`province_id`) ON DELETE CASCADE;

--
-- Ketidakleluasaan untuk tabel `reviews`
--
ALTER TABLE `reviews`
  ADD CONSTRAINT `reviews_sepatu_id_foreign` FOREIGN KEY (`sepatu_id`) REFERENCES `sepatu` (`id`) ON DELETE CASCADE,
  ADD CONSTRAINT `reviews_transaction_id_foreign` FOREIGN KEY (`transaction_id`) REFERENCES `transaction` (`id`) ON DELETE CASCADE,
  ADD CONSTRAINT `reviews_user_id_foreign` FOREIGN KEY (`user_id`) REFERENCES `users` (`id`) ON DELETE CASCADE;

--
-- Ketidakleluasaan untuk tabel `sepatu`
--
ALTER TABLE `sepatu`
  ADD CONSTRAINT `sepatu_id_kat_foreign` FOREIGN KEY (`id_kat`) REFERENCES `kategori_sepatu` (`id`) ON DELETE CASCADE;

--
-- Ketidakleluasaan untuk tabel `transaction`
--
ALTER TABLE `transaction`
  ADD CONSTRAINT `transaction_sepatu_id_foreign` FOREIGN KEY (`sepatu_id`) REFERENCES `sepatu` (`id`) ON DELETE CASCADE,
  ADD CONSTRAINT `transaction_user_id_foreign` FOREIGN KEY (`user_id`) REFERENCES `users` (`id`) ON DELETE CASCADE,
  ADD CONSTRAINT `transaction_voucher_id_foreign` FOREIGN KEY (`voucher_id`) REFERENCES `voucherlist` (`id`) ON DELETE SET NULL;

--
-- Ketidakleluasaan untuk tabel `user_cart`
--
ALTER TABLE `user_cart`
  ADD CONSTRAINT `user_cart_sepatu_id_foreign` FOREIGN KEY (`sepatu_id`) REFERENCES `sepatu` (`id`) ON DELETE CASCADE,
  ADD CONSTRAINT `user_cart_user_id_foreign` FOREIGN KEY (`user_id`) REFERENCES `users` (`id`) ON DELETE CASCADE;
COMMIT;

/*!40101 SET CHARACTER_SET_CLIENT=@OLD_CHARACTER_SET_CLIENT */;
/*!40101 SET CHARACTER_SET_RESULTS=@OLD_CHARACTER_SET_RESULTS */;
/*!40101 SET COLLATION_CONNECTION=@OLD_COLLATION_CONNECTION */;
